source,target,strength
0,1,4
0,2,4
0,3,3
0,4,3
0,5,3
0,6,3
0,7,3
0,8,3
0,12,1
0,13,5
0,17,4
0,18,4
0,19,4
0,20,3
0,21,2
0,22,5
0,23,3
0,24,5
0,25,5
0,26,-4
0,28,-3
0,29,-3
0,30,-3
0,32,-5
0,35,-5
0,36,-1
0,37,-1
0,38,-2
0,41,-2
0,46,-2
0,47,-2
0,48,-2
0,49,-1
0,50,1
0,52,4
0,57,1
0,58,1
0,59,5
0,60,1
0,61,1
0,62,1
0,63,2
0,64,2
0,65,2
0,66,2
0,67,2
0,68,2
0,69,2
0,70,2
0,71,-3
0,72,4
0,73,1
0,74,0
0,75,0
0,76,1
0,77,1
0,78,1
0,79,2
0,80,0
0,81,0
0,82,0
0,83,1
0,84,0
0,85,0
0,86,0
0,87,1
0,88,3
0,89,2
0,90,2
0,91,2
0,92,2
0,93,1
0,94,0
0,95,-2
0,96,-2
0,97,-2
0,98,3
0,99,1
0,100,0
0,101,0
0,102,0
0,103,-1
0,104,1
0,105,-1
0,106,1
0,107,1
0,108,-2
0,109,0
0,110,4
0,111,-1
1,0,4
1,2,4
1,9,-1
1,10,-2
1,13,2
1,17,2
1,18,2
1,19,2
1,21,1
1,26,-1
1,29,-3
1,35,-3
1,36,-1
1,37,-1
1,38,-2
1,39,-2
1,41,-2
1,49,-2
1,50,2
1,54,1
1,58,0
1,59,4
1,60,0
1,61,0
1,62,0
1,63,0
1,64,0
1,65,0
1,66,0
1,67,0
1,68,0
1,69,0
1,70,-1
1,71,0
1,72,3
1,73,-1
1,74,0
1,75,-1
1,76,0
1,77,1
1,78,0
1,79,1
1,80,0
1,81,0
1,82,0
1,83,0
1,84,0
1,85,0
1,86,0
1,87,0
1,88,2
1,89,0
1,90,0
1,91,0
1,92,0
1,93,0
1,94,0
1,95,0
1,96,0
1,97,0
1,98,2
1,99,0
1,100,0
1,101,0
1,102,0
1,103,0
1,104,0
1,105,0
1,106,1
1,107,0
1,108,-2
1,109,0
1,110,4
1,111,1
2,0,4
2,1,4
2,3,4
2,4,4
2,5,2
2,6,2
2,7,2
2,9,3
2,13,2
2,14,4
2,17,5
2,18,5
2,19,2
2,26,-2
2,35,-3
2,36,-1
2,37,-1
2,38,-2
2,41,-2
2,50,-1
2,53,-3
2,58,0
2,59,5
2,60,5
2,61,5
2,62,1
2,63,0
2,64,1
2,65,1
2,66,1
2,67,1
2,68,0
2,69,0
2,70,-1
2,71,0
2,72,3
2,73,-1
2,74,0
2,75,1
2,76,0
2,77,1
2,78,0
2,79,-1
2,80,-1
2,81,0
2,82,0
2,83,0
2,84,0
2,85,0
2,86,0
2,87,0
2,88,2
2,89,1
2,90,1
2,91,1
2,92,1
2,93,1
2,94,0
2,95,-2
2,96,-2
2,97,-2
2,98,2
2,99,0
2,100,0
2,101,0
2,102,1
2,103,0
2,104,0
2,105,-1
2,106,1
2,107,0
2,108,-2
2,109,0
2,110,4
2,111,-1
3,0,3
3,2,4
3,4,4
3,11,1
3,13,2
3,14,4
3,17,5
3,18,5
3,41,-3
3,44,-1
3,58,0
3,59,5
3,60,5
3,61,5
3,62,3
3,63,2
3,64,2
3,65,2
3,66,2
3,67,0
3,68,0
3,69,0
3,70,0
3,71,0
3,72,1
3,73,0
3,74,0
3,75,0
3,76,0
3,77,0
3,78,0
3,79,0
3,80,0
3,81,0
3,82,0
3,83,0
3,84,0
3,85,0
3,86,0
3,87,0
3,88,0
3,89,0
3,90,0
3,91,0
3,92,0
3,93,0
3,94,-2
3,95,-2
3,96,-2
3,97,-2
3,98,2
3,99,2
3,100,2
3,101,0
3,102,0
3,103,0
3,104,0
3,105,-1
3,106,0
3,107,0
3,108,-2
3,109,0
3,110,0
3,111,0
4,0,3
4,2,4
4,3,4
4,11,1
4,13,2
4,14,4
4,17,5
4,18,5
4,41,-3
4,44,-1
4,58,0
4,59,5
4,60,5
4,61,5
4,62,3
4,63,2
4,64,4
4,65,2
4,66,2
4,67,0
4,68,0
4,69,0
4,70,0
4,71,0
4,72,1
4,73,0
4,74,0
4,75,0
4,76,0
4,77,0
4,78,0
4,79,0
4,80,0
4,81,0
4,82,0
4,83,0
4,84,0
4,85,0
4,86,0
4,87,0
4,88,0
4,89,0
4,90,0
4,91,0
4,92,0
4,93,0
4,94,-2
4,95,-2
4,96,-2
4,97,-2
4,98,2
4,99,2
4,100,2
4,101,0
4,102,0
4,103,0
4,104,0
4,105,-1
4,106,0
4,107,0
4,108,-2
4,109,0
4,110,0
4,111,0
5,0,3
5,2,3
5,6,3
5,7,3
5,58,0
5,59,1
5,60,0
5,61,0
5,62,0
5,63,0
5,64,0
5,65,0
5,66,0
5,67,0
5,68,0
5,69,0
5,70,0
5,71,0
5,72,0
5,73,0
5,74,0
5,75,0
5,76,0
5,77,0
5,78,0
5,79,0
5,80,0
5,81,0
5,82,0
5,83,0
5,84,0
5,85,0
5,86,0
5,87,0
5,88,0
5,89,1
5,90,1
5,91,1
5,92,1
5,93,1
5,94,0
5,95,0
5,96,0
5,97,0
5,98,0
5,99,0
5,100,0
5,101,0
5,102,0
5,103,0
5,104,0
5,105,0
5,106,0
5,107,0
5,108,0
5,109,0
5,110,0
5,111,0
6,0,3
6,2,3
6,5,3
6,7,3
6,58,0
6,59,2
6,60,0
6,61,0
6,62,0
6,63,0
6,64,0
6,65,0
6,66,0
6,67,0
6,68,0
6,69,0
6,70,0
6,71,0
6,72,0
6,73,0
6,74,0
6,75,0
6,76,0
6,77,0
6,78,0
6,79,0
6,80,0
6,81,0
6,82,0
6,83,0
6,84,0
6,85,0
6,86,0
6,87,0
6,88,0
6,89,1
6,90,1
6,91,1
6,92,1
6,93,1
6,94,0
6,95,0
6,96,0
6,97,0
6,98,0
6,99,0
6,100,0
6,101,0
6,102,0
6,103,0
6,104,0
6,105,0
6,106,0
6,107,0
6,108,0
6,109,0
6,110,0
6,111,0
7,0,3
7,0,3
7,5,3
7,6,3
7,15,5
7,16,5
7,29,-5
7,35,-3
7,58,0
7,59,4
7,60,0
7,61,0
7,62,0
7,63,0
7,64,0
7,65,0
7,66,0
7,67,0
7,68,0
7,69,0
7,70,0
7,71,0
7,72,4
7,73,0
7,74,0
7,75,0
7,76,0
7,77,0
7,78,0
7,79,0
7,80,0
7,81,0
7,82,0
7,83,0
7,84,-2
7,85,-2
7,86,0
7,87,0
7,88,0
7,89,1
7,90,1
7,91,1
7,92,1
7,93,1
7,94,0
7,95,0
7,96,0
7,97,0
7,98,0
7,99,0
7,100,0
7,101,0
7,102,0
7,103,0
7,104,0
7,105,0
7,106,0
7,107,0
7,108,0
7,109,0
7,110,0
7,111,0
8,0,3
8,10,3
8,57,3
8,58,0
8,59,1
8,60,0
8,61,0
8,62,0
8,63,0
8,64,0
8,65,0
8,66,0
8,67,0
8,68,0
8,69,0
8,70,0
8,71,0
8,72,0
8,73,0
8,74,0
8,75,0
8,76,0
8,77,0
8,78,0
8,79,0
8,80,0
8,81,0
8,82,0
8,83,0
8,84,0
8,85,0
8,86,0
8,87,0
8,88,0
8,89,0
8,90,0
8,91,0
8,92,0
8,93,0
8,94,0
8,95,0
8,96,0
8,97,0
8,98,0
8,99,0
8,100,0
8,101,0
8,102,0
8,103,0
8,104,0
8,105,0
8,106,0
8,107,0
8,108,0
8,109,0
8,110,0
8,111,0
9,2,3
9,58,0
9,59,1
9,60,0
9,61,0
9,62,0
9,63,0
9,64,0
9,65,0
9,66,0
9,67,0
9,68,0
9,69,0
9,70,0
9,71,0
9,72,0
9,73,0
9,74,0
9,75,2
9,76,0
9,77,0
9,78,0
9,79,0
9,80,0
9,81,0
9,82,0
9,83,0
9,84,0
9,85,0
9,86,0
9,87,0
9,88,0
9,89,0
9,90,0
9,91,0
9,92,0
9,93,0
9,94,0
9,95,0
9,96,0
9,97,0
9,98,0
9,99,0
9,100,0
9,101,0
9,102,0
9,103,0
9,104,0
9,105,0
9,106,0
9,107,0
9,108,-3
9,109,0
9,110,0
9,111,0
10,8,3
10,41,2
10,58,0
10,59,0
10,60,0
10,61,0
10,62,0
10,63,0
10,64,0
10,65,0
10,66,0
10,67,0
10,68,0
10,69,0
10,70,0
10,71,0
10,72,0
10,73,0
10,74,0
10,75,0
10,76,0
10,77,0
10,78,0
10,79,0
10,80,0
10,81,0
10,82,0
10,83,0
10,84,0
10,85,0
10,86,0
10,87,0
10,88,0
10,89,0
10,90,0
10,91,0
10,92,0
10,93,0
10,94,0
10,95,0
10,96,0
10,97,0
10,98,0
10,99,0
10,100,0
10,101,0
10,102,0
10,103,0
10,104,0
10,105,0
10,106,0
10,107,0
10,108,0
10,109,0
10,110,0
10,111,0
11,3,1
11,4,1
11,13,3
11,58,0
11,59,0
11,60,0
11,61,0
11,62,0
11,63,0
11,64,0
11,65,0
11,66,0
11,67,0
11,68,0
11,69,0
11,70,0
11,71,0
11,72,0
11,73,0
11,74,0
11,75,0
11,76,0
11,77,0
11,78,0
11,79,0
11,80,0
11,81,0
11,82,0
11,83,0
11,84,0
11,85,0
11,86,0
11,87,0
11,88,0
11,89,0
11,90,0
11,91,0
11,92,0
11,93,0
11,94,0
11,95,0
11,96,0
11,97,0
11,98,0
11,99,0
11,100,0
11,101,0
11,102,0
11,103,0
11,104,0
11,105,0
11,106,0
11,107,0
11,108,0
11,109,0
11,110,0
11,111,0
12,0,1
12,13,4
12,58,0
12,59,0
12,60,0
12,61,0
12,62,0
12,63,0
12,64,0
12,65,0
12,66,0
12,67,0
12,68,0
12,69,0
12,70,0
12,71,0
12,72,0
12,73,0
12,74,0
12,75,0
12,76,0
12,77,0
12,78,0
12,79,0
12,80,0
12,81,0
12,82,0
12,83,0
12,84,0
12,85,0
12,86,0
12,87,0
12,88,0
12,89,0
12,90,0
12,91,0
12,92,0
12,93,0
12,94,0
12,95,0
12,96,0
12,97,0
12,98,0
12,99,0
12,100,0
12,101,0
12,102,0
12,103,0
12,104,0
12,105,0
12,106,0
12,107,0
12,108,0
12,109,0
12,110,1
12,111,0
13,0,4
13,1,2
13,2,2
13,11,1
13,12,4
13,14,1
13,15,3
13,16,3
13,17,3
13,18,3
13,19,5
13,20,3
13,21,4
13,22,3
13,23,3
13,24,3
13,25,3
13,26,4
13,29,-3
13,30,-3
13,32,-4
13,35,-5
13,41,-2
13,42,-1
13,43,-1
13,47,-1
13,55,2
13,58,-1
13,58,1
13,59,2
13,60,1
13,61,1
13,62,0
13,63,0
13,64,0
13,65,0
13,66,0
13,67,0
13,68,0
13,69,0
13,70,0
13,71,-2
13,72,0
13,73,-1
13,74,2
13,75,2
13,76,2
13,77,0
13,78,0
13,79,4
13,80,0
13,81,0
13,82,1
13,83,1
13,84,0
13,85,0
13,86,0
13,87,0
13,88,0
13,89,0
13,90,0
13,91,0
13,92,0
13,93,0
13,94,0
13,95,0
13,96,0
13,97,0
13,98,3
13,99,0
13,100,0
13,101,1
13,102,0
13,103,0
13,104,0
13,105,1
13,106,1
13,107,1
13,108,0
13,109,-5
13,110,0
13,111,0
14,2,4
14,3,4
14,4,4
14,13,1
14,17,5
14,18,5
14,19,2
14,27,4
14,58,0
14,59,5
14,60,5
14,61,5
14,62,0
14,63,0
14,64,0
14,65,0
14,66,0
14,67,0
14,68,0
14,69,0
14,70,0
14,71,0
14,72,0
14,73,0
14,74,0
14,75,0
14,76,0
14,77,0
14,78,0
14,79,0
14,80,0
14,81,0
14,82,0
14,83,0
14,84,0
14,85,0
14,86,0
14,87,0
14,88,3
14,89,0
14,90,0
14,91,0
14,92,0
14,93,0
14,94,0
14,95,0
14,96,0
14,97,0
14,98,3
14,99,0
14,100,0
14,101,0
14,102,0
14,103,0
14,104,0
14,105,0
14,106,0
14,107,0
14,108,0
14,109,0
14,110,0
14,111,0
15,7,5
15,13,3
15,16,4
15,29,-4
15,58,0
15,59,0
15,60,0
15,61,0
15,62,0
15,63,0
15,64,0
15,65,0
15,66,0
15,67,0
15,68,0
15,69,0
15,70,0
15,71,0
15,72,0
15,73,0
15,74,0
15,75,0
15,76,0
15,77,0
15,78,0
15,79,0
15,80,0
15,81,0
15,82,0
15,83,0
15,84,0
15,85,0
15,86,0
15,87,0
15,88,0
15,89,0
15,90,0
15,91,0
15,92,0
15,93,0
15,94,0
15,95,0
15,96,0
15,97,0
15,98,0
15,99,0
15,100,0
15,101,0
15,102,0
15,103,0
15,104,0
15,105,0
15,106,0
15,107,0
15,108,0
15,109,0
15,110,0
15,111,0
16,7,5
16,13,3
16,15,4
16,29,-4
16,58,0
16,59,0
16,60,0
16,61,0
16,62,0
16,63,0
16,64,0
16,65,0
16,66,0
16,67,0
16,68,0
16,69,0
16,70,0
16,71,0
16,72,0
16,73,0
16,74,0
16,75,0
16,76,0
16,77,0
16,78,0
16,79,0
16,80,0
16,81,0
16,82,0
16,83,0
16,84,0
16,85,0
16,86,0
16,87,0
16,88,0
16,89,0
16,90,0
16,91,0
16,92,0
16,93,0
16,94,0
16,95,0
16,96,0
16,97,0
16,98,0
16,99,0
16,100,0
16,101,0
16,102,0
16,103,0
16,104,0
16,105,0
16,106,0
16,107,0
16,108,0
16,109,0
16,110,0
16,111,0
17,0,4
17,1,3
17,2,5
17,3,5
17,4,5
17,13,3
17,14,5
17,18,4
17,19,3
17,20,3
17,21,3
17,22,3
17,23,3
17,26,2
17,27,2
17,29,-3
17,30,-3
17,33,-3
17,34,-3
17,35,-4
17,42,-1
17,43,-1
17,58,0
17,59,5
17,60,5
17,61,5
17,62,0
17,63,0
17,64,0
17,65,0
17,66,0
17,67,0
17,68,0
17,69,0
17,70,0
17,71,0
17,72,0
17,73,0
17,74,0
17,75,0
17,76,0
17,77,0
17,78,0
17,79,0
17,80,0
17,81,0
17,82,0
17,83,0
17,84,0
17,85,0
17,86,0
17,87,0
17,88,0
17,89,0
17,90,0
17,91,0
17,92,0
17,93,0
17,94,0
17,95,0
17,96,0
17,97,1
17,98,3
17,99,2
17,100,0
17,101,0
17,102,0
17,103,0
17,104,0
17,105,0
17,106,0
17,107,0
17,108,0
17,109,0
17,110,0
17,111,0
18,0,4
18,1,3
18,2,5
18,3,5
18,4,5
18,13,3
18,14,5
18,17,4
18,19,3
18,20,3
18,21,3
18,22,3
18,23,3
18,26,2
18,27,2
18,29,-3
18,30,-3
18,33,-3
18,34,-3
18,35,-4
18,58,0
18,59,5
18,60,5
18,61,5
18,62,0
18,63,0
18,64,0
18,65,0
18,66,0
18,67,0
18,68,0
18,69,0
18,70,0
18,71,0
18,72,0
18,73,0
18,74,0
18,75,0
18,76,0
18,77,0
18,78,0
18,79,0
18,80,0
18,81,0
18,82,0
18,83,0
18,84,0
18,85,0
18,86,0
18,87,0
18,88,0
18,89,0
18,90,0
18,91,0
18,92,0
18,93,0
18,94,0
18,95,0
18,96,-4
18,97,0
18,98,3
18,99,0
18,100,0
18,101,0
18,102,0
18,103,0
18,104,0
18,105,0
18,106,0
18,107,0
18,108,0
18,109,0
18,110,0
18,111,0
19,0,4
19,1,3
19,2,3
19,13,5
19,17,3
19,18,3
19,20,3
19,21,3
19,22,3
19,23,3
19,26,3
19,38,-1
19,41,-2
19,51,4
19,53,4
19,54,4
19,55,4
19,58,0
19,59,3
19,60,0
19,61,0
19,62,0
19,63,0
19,64,0
19,65,0
19,66,0
19,67,0
19,68,0
19,69,0
19,70,0
19,71,0
19,72,1
19,73,0
19,74,0
19,75,0
19,76,0
19,77,0
19,78,0
19,79,3
19,80,0
19,81,0
19,82,0
19,83,0
19,84,0
19,85,0
19,86,0
19,87,0
19,88,3
19,89,0
19,90,0
19,91,0
19,92,0
19,93,0
19,94,-2
19,95,0
19,96,0
19,97,0
19,98,3
19,99,0
19,100,0
19,101,0
19,102,0
19,103,0
19,104,0
19,105,1
19,106,1
19,107,1
19,108,0
19,109,0
19,110,0
19,111,0
20,0,3
20,13,3
20,17,3
20,18,3
20,19,3
20,21,3
20,22,4
20,23,3
20,24,4
20,25,4
20,26,-2
20,29,-3
20,30,-3
20,32,-5
20,33,-3
20,34,-3
20,35,-4
20,58,0
20,59,1
20,60,0
20,61,0
20,62,0
20,63,0
20,64,0
20,65,0
20,66,0
20,67,0
20,68,0
20,69,0
20,70,0
20,71,0
20,72,0
20,73,0
20,74,1
20,75,1
20,76,0
20,77,0
20,78,0
20,79,3
20,80,0
20,81,-3
20,82,0
20,83,0
20,84,0
20,85,0
20,86,0
20,87,0
20,88,5
20,89,0
20,90,0
20,91,0
20,92,0
20,93,0
20,94,0
20,95,0
20,96,-3
20,97,0
20,98,3
20,99,0
20,100,0
20,101,0
20,102,0
20,103,0
20,104,0
20,105,1
20,106,1
20,107,1
20,108,-2
20,109,0
20,110,0
20,111,0
21,0,2
21,13,3
21,17,3
21,18,3
21,19,3
21,20,3
21,22,3
21,23,3
21,24,3
21,25,3
21,26,2
21,29,-3
21,30,-3
21,32,-3
21,33,-3
21,34,-3
21,35,-4
21,41,-2
21,58,0
21,59,3
21,60,0
21,61,0
21,62,0
21,63,1
21,64,0
21,65,0
21,66,0
21,67,0
21,68,0
21,69,0
21,70,0
21,71,0
21,72,0
21,73,0
21,74,1
21,75,2
21,76,0
21,77,0
21,78,0
21,79,2
21,80,0
21,81,0
21,82,0
21,83,0
21,84,-2
21,85,-2
21,86,0
21,87,0
21,88,2
21,89,0
21,90,0
21,91,0
21,92,0
21,93,0
21,94,0
21,95,0
21,96,0
21,97,0
21,98,2
21,99,0
21,100,0
21,101,0
21,102,0
21,103,0
21,104,0
21,105,-1
21,106,1
21,107,1
21,108,0
21,109,0
21,110,0
21,111,0
22,0,5
22,13,3
22,17,3
22,18,3
22,19,3
22,20,4
22,21,3
22,23,3
22,24,4
22,25,4
22,26,-2
22,29,-4
22,30,-3
22,32,-5
22,33,-3
22,34,-3
22,35,-4
22,56,4
22,58,0
22,59,3
22,60,0
22,61,0
22,62,0
22,63,0
22,64,0
22,65,0
22,66,0
22,67,0
22,68,0
22,69,0
22,70,0
22,71,0
22,72,0
22,73,0
22,74,0
22,75,0
22,76,0
22,77,0
22,78,0
22,79,0
22,80,0
22,81,-2
22,82,0
22,83,0
22,84,0
22,85,0
22,86,0
22,87,0
22,88,0
22,89,0
22,90,0
22,91,0
22,92,0
22,93,0
22,94,0
22,95,0
22,96,0
22,97,0
22,98,2
22,99,0
22,100,0
22,101,0
22,102,0
22,103,0
22,104,0
22,105,0
22,106,0
22,107,0
22,108,0
22,109,0
22,110,0
22,111,-1
23,0,2
23,13,3
23,17,3
23,18,3
23,19,3
23,20,3
23,21,3
23,22,3
23,26,3
23,28,-4
23,29,-3
23,30,-3
23,32,-3
23,33,-3
23,34,-3
23,35,-4
23,40,-2
23,58,-1
23,59,0
23,60,0
23,61,0
23,62,0
23,63,0
23,64,0
23,65,0
23,66,0
23,67,0
23,68,0
23,69,0
23,70,0
23,71,0
23,72,0
23,73,0
23,74,0
23,75,0
23,76,0
23,77,0
23,78,0
23,79,2
23,80,0
23,81,-2
23,82,0
23,83,0
23,84,0
23,85,0
23,86,0
23,87,0
23,88,3
23,89,0
23,90,0
23,91,0
23,92,0
23,93,0
23,94,0
23,95,-2
23,96,-2
23,97,-2
23,98,3
23,99,0
23,100,0
23,101,0
23,102,0
23,103,0
23,104,0
23,105,0
23,106,0
23,107,0
23,108,-2
23,109,0
23,110,0
23,111,0
24,0,5
24,13,3
24,20,4
24,22,4
24,25,4
24,32,-5
24,58,0
24,59,0
24,60,0
24,61,0
24,62,0
24,63,0
24,64,0
24,65,0
24,66,0
24,67,0
24,68,0
24,69,0
24,70,0
24,71,0
24,72,0
24,73,0
24,74,0
24,75,0
24,76,0
24,77,0
24,78,0
24,79,0
24,80,0
24,81,0
24,82,0
24,83,0
24,84,0
24,85,0
24,86,0
24,87,0
24,88,0
24,89,0
24,90,0
24,91,0
24,92,0
24,93,0
24,94,0
24,95,0
24,96,0
24,97,0
24,98,0
24,99,0
24,100,0
24,101,0
24,102,0
24,103,0
24,104,0
24,105,0
24,106,0
24,107,0
24,108,0
24,109,0
24,110,0
24,111,0
25,0,5
25,13,3
25,20,4
25,22,4
25,24,4
25,26,-2
25,26,2
25,32,-5
25,47,4
25,58,0
25,59,0
25,60,0
25,61,0
25,62,0
25,63,0
25,64,0
25,65,0
25,66,0
25,67,0
25,68,0
25,69,0
25,70,0
25,71,0
25,72,0
25,73,0
25,74,0
25,75,0
25,76,0
25,77,0
25,78,0
25,79,0
25,80,0
25,81,0
25,82,0
25,83,0
25,84,0
25,85,0
25,86,0
25,87,0
25,88,0
25,89,0
25,90,0
25,91,0
25,92,0
25,93,0
25,94,0
25,95,0
25,96,0
25,97,0
25,98,0
25,99,0
25,100,0
25,101,0
25,102,0
25,103,0
25,104,0
25,105,0
25,106,0
25,107,0
25,108,0
25,109,0
25,110,0
25,111,0
26,0,-2
26,1,-1
26,2,-1
26,7,-1
26,13,3
26,17,1
26,18,1
26,19,1
26,20,-2
26,21,3
26,22,-2
26,23,3
26,24,-2
26,25,4
26,29,2
26,30,1
26,31,3
26,35,4
26,38,2
26,58,-2
26,58,3
26,59,1
26,60,0
26,61,0
26,62,0
26,63,0
26,64,0
26,65,0
26,66,0
26,67,0
26,68,0
26,69,0
26,70,0
26,71,3
26,72,0
26,73,-1
26,74,1
26,75,1
26,76,0
26,77,0
26,78,0
26,79,1
26,80,0
26,81,1
26,82,1
26,83,0
26,84,1
26,85,1
26,86,0
26,87,0
26,88,1
26,89,0
26,90,0
26,91,0
26,92,0
26,93,0
26,94,0
26,95,1
26,96,1
26,97,1
26,98,1
26,99,0
26,100,0
26,101,0
26,102,0
26,103,0
26,104,0
26,105,1
26,106,1
26,107,1
26,108,1
26,109,0
26,110,0
26,111,0
27,14,4
27,17,2
27,18,2
27,55,3
27,58,0
27,59,2
27,60,1
27,61,1
27,62,0
27,63,0
27,64,0
27,65,0
27,66,0
27,67,0
27,68,0
27,69,0
27,70,0
27,71,0
27,72,0
27,73,0
27,74,0
27,75,0
27,76,0
27,77,0
27,78,0
27,79,0
27,80,0
27,81,0
27,82,0
27,83,0
27,84,0
27,85,0
27,86,0
27,87,0
27,88,2
27,89,0
27,90,0
27,91,0
27,92,0
27,93,0
27,94,0
27,95,0
27,96,0
27,97,0
27,98,0
27,99,0
27,100,0
27,101,0
27,102,0
27,103,0
27,104,0
27,105,0
27,106,0
27,107,0
27,108,-2
27,109,0
27,110,0
27,111,0
28,0,-3
28,23,-3
28,35,4
28,40,-5
28,58,-5
28,58,0
28,59,0
28,60,0
28,61,0
28,62,0
28,63,0
28,64,0
28,65,0
28,66,0
28,67,0
28,68,0
28,69,0
28,70,0
28,71,0
28,72,0
28,73,0
28,74,0
28,75,0
28,76,0
28,77,0
28,78,0
28,79,0
28,80,0
28,81,0
28,82,0
28,83,0
28,84,0
28,85,0
28,86,0
28,87,0
28,88,0
28,89,0
28,90,0
28,91,0
28,92,0
28,93,0
28,94,0
28,95,1
28,96,1
28,97,1
28,98,0
28,99,0
28,100,0
28,101,0
28,102,0
28,103,0
28,104,0
28,105,0
28,106,0
28,107,0
28,108,0
28,109,0
28,110,0
28,111,0
29,13,-3
29,15,-3
29,16,-3
29,17,-3
29,18,-3
29,20,-3
29,21,-3
29,22,-4
29,23,-3
29,26,2
29,30,3
29,31,4
29,35,4
29,58,0
29,59,0
29,60,0
29,61,0
29,62,0
29,63,0
29,64,0
29,65,0
29,66,0
29,67,0
29,68,0
29,69,0
29,70,0
29,71,0
29,72,0
29,73,0
29,74,0
29,75,0
29,76,-2
29,77,0
29,78,0
29,79,0
29,80,0
29,81,5
29,82,0
29,83,0
29,84,1
29,85,1
29,86,0
29,87,0
29,88,-2
29,89,0
29,90,0
29,91,0
29,92,0
29,93,0
29,94,0
29,95,3
29,96,3
29,97,3
29,98,-2
29,99,0
29,100,0
29,101,0
29,102,0
29,103,0
29,104,0
29,105,0
29,106,0
29,107,0
29,108,3
29,109,0
29,110,-3
29,111,0
30,0,-3
30,13,-3
30,17,-2
30,18,-2
30,19,-3
30,21,-2
30,26,2
30,29,2
30,31,4
30,33,2
30,34,2
30,35,4
30,38,5
30,42,2
30,58,0
30,59,-1
30,60,0
30,61,0
30,62,0
30,63,0
30,64,0
30,65,0
30,66,0
30,67,0
30,68,0
30,69,0
30,70,0
30,71,0
30,72,0
30,73,0
30,74,0
30,75,0
30,76,0
30,77,0
30,78,0
30,79,0
30,80,0
30,81,3
30,82,0
30,83,0
30,84,2
30,85,2
30,86,0
30,87,0
30,88,0
30,89,0
30,90,0
30,91,0
30,92,0
30,93,0
30,94,0
30,95,3
30,96,3
30,97,3
30,98,-2
30,99,-1
30,100,0
30,101,0
30,102,0
30,103,0
30,104,0
30,105,0
30,106,0
30,107,0
30,108,2
30,109,0
30,110,-2
30,111,0
31,29,4
31,30,4
31,35,5
31,58,0
31,59,0
31,60,0
31,61,0
31,62,0
31,63,0
31,64,0
31,65,0
31,66,0
31,67,0
31,68,0
31,69,0
31,70,0
31,71,0
31,72,0
31,73,0
31,74,0
31,75,0
31,76,0
31,77,0
31,78,0
31,79,0
31,80,0
31,81,2
31,82,0
31,83,0
31,84,0
31,85,0
31,86,0
31,87,0
31,88,-1
31,89,0
31,90,0
31,91,0
31,92,0
31,93,0
31,94,0
31,95,0
31,96,2
31,97,2
31,98,-1
31,99,0
31,100,0
31,101,0
31,102,0
31,103,0
31,104,0
31,105,0
31,106,0
31,107,0
31,108,1
31,109,0
31,110,-2
31,111,0
32,0,-2
32,2,2
32,20,-3
32,22,-3
32,24,-3
32,25,-3
32,35,4
32,58,0
32,59,0
32,60,0
32,61,0
32,62,0
32,63,0
32,64,0
32,65,0
32,66,0
32,67,0
32,68,0
32,69,0
32,70,0
32,71,0
32,72,0
32,73,0
32,74,0
32,75,0
32,76,0
32,77,0
32,78,0
32,79,0
32,80,0
32,81,1
32,82,0
32,83,0
32,84,0
32,85,0
32,86,0
32,87,0
32,88,0
32,89,0
32,90,0
32,91,0
32,92,0
32,93,0
32,94,0
32,95,1
32,96,1
32,97,1
32,98,-1
32,99,0
32,100,0
32,101,0
32,102,0
32,103,0
32,104,0
32,105,0
32,106,0
32,107,0
32,108,0
32,109,0
32,110,0
32,111,0
33,13,-3
33,17,-3
33,18,-3
33,19,-3
33,20,-3
33,21,-3
33,22,-3
33,23,-3
33,26,2
33,29,3
33,30,3
33,34,3
33,35,4
33,36,5
33,58,0
33,59,0
33,60,0
33,61,0
33,62,0
33,63,0
33,64,0
33,65,0
33,66,0
33,67,0
33,68,0
33,69,0
33,70,0
33,71,0
33,72,0
33,73,0
33,74,0
33,75,0
33,76,0
33,77,0
33,78,0
33,79,0
33,80,0
33,81,2
33,82,0
33,83,0
33,84,0
33,85,0
33,86,0
33,87,0
33,88,0
33,89,0
33,90,0
33,91,0
33,92,0
33,93,0
33,94,0
33,95,2
33,96,2
33,97,2
33,98,-2
33,99,0
33,100,0
33,101,0
33,102,0
33,103,0
33,104,0
33,105,0
33,106,0
33,107,0
33,108,1
33,109,0
33,110,0
33,111,0
34,13,-3
34,17,-3
34,18,-3
34,19,-3
34,20,-3
34,21,-3
34,22,-3
34,23,-3
34,26,2
34,29,3
34,30,3
34,33,3
34,35,4
34,37,5
34,58,0
34,59,0
34,60,0
34,61,0
34,62,0
34,63,0
34,64,0
34,65,0
34,66,0
34,67,0
34,68,0
34,69,0
34,70,0
34,71,0
34,72,0
34,73,0
34,74,0
34,75,0
34,76,0
34,77,0
34,78,0
34,79,0
34,80,0
34,81,2
34,82,0
34,83,0
34,84,0
34,85,0
34,86,0
34,87,0
34,88,0
34,89,0
34,90,0
34,91,0
34,92,0
34,93,0
34,94,0
34,95,2
34,96,2
34,97,2
34,98,-2
34,99,0
34,100,0
34,101,0
34,102,0
34,103,0
34,104,0
34,105,0
34,106,0
34,107,0
34,108,1
34,109,0
34,110,0
34,111,0
35,0,-5
35,13,-5
35,17,-3
35,18,-3
35,19,-3
35,20,-3
35,21,-3
35,22,-3
35,23,-3
35,26,3
35,28,4
35,29,4
35,30,3
35,32,2
35,33,3
35,34,3
35,38,2
35,42,-2
35,43,-2
35,45,3
35,56,2
35,58,-3
35,58,-2
35,59,0
35,60,0
35,61,0
35,62,0
35,63,0
35,64,0
35,65,0
35,66,0
35,67,0
35,68,0
35,69,0
35,70,0
35,71,4
35,72,0
35,73,0
35,74,0
35,75,0
35,76,-3
35,77,-3
35,78,0
35,79,-2
35,80,0
35,81,3
35,82,-3
35,83,0
35,84,2
35,85,2
35,86,0
35,87,-2
35,88,-3
35,89,0
35,90,0
35,91,0
35,92,0
35,93,0
35,94,2
35,95,3
35,96,3
35,97,3
35,98,-3
35,99,0
35,100,0
35,101,-3
35,102,0
35,103,0
35,104,0
35,105,0
35,106,0
35,107,0
35,108,3
35,109,0
35,110,0
35,111,0
36,0,-2
36,1,-2
36,2,-2
36,7,-1
36,33,5
36,35,4
36,37,4
36,38,4
36,41,2
36,58,0
36,59,0
36,60,0
36,61,0
36,62,0
36,63,0
36,64,0
36,65,0
36,66,0
36,67,0
36,68,0
36,69,0
36,70,0
36,71,0
36,72,0
36,73,0
36,74,0
36,75,0
36,76,0
36,77,0
36,78,0
36,79,0
36,80,2
36,81,0
36,82,0
36,83,0
36,84,0
36,85,0
36,86,0
36,87,0
36,88,0
36,89,0
36,90,0
36,91,0
36,92,0
36,93,0
36,94,0
36,95,0
36,96,0
36,97,0
36,98,0
36,99,0
36,100,0
36,101,0
36,102,0
36,103,0
36,104,0
36,105,0
36,106,0
36,107,0
36,108,0
36,109,0
36,110,0
36,111,0
37,0,-1
37,1,-1
37,2,-1
37,7,-1
37,34,5
37,35,4
37,37,4
37,38,4
37,41,2
37,58,0
37,59,0
37,60,0
37,61,0
37,62,0
37,63,0
37,64,0
37,65,0
37,66,0
37,67,0
37,68,0
37,69,0
37,70,0
37,71,0
37,72,0
37,73,0
37,74,0
37,75,0
37,76,0
37,77,0
37,78,0
37,79,0
37,80,2
37,81,0
37,82,0
37,83,0
37,84,0
37,85,0
37,86,0
37,87,0
37,88,0
37,89,0
37,90,0
37,91,0
37,92,0
37,93,0
37,94,0
37,95,0
37,96,0
37,97,0
37,98,0
37,99,0
37,100,0
37,101,0
37,102,0
37,103,0
37,104,0
37,105,0
37,106,0
37,107,0
37,108,0
37,109,0
37,110,0
37,111,0
38,0,-2
38,1,-2
38,2,-2
38,7,-1
38,13,-2
38,26,3
38,30,5
38,31,5
38,35,3
38,36,3
38,37,3
38,39,2
38,58,0
38,59,-1
38,60,0
38,61,0
38,62,0
38,63,0
38,64,0
38,65,0
38,66,0
38,67,0
38,68,0
38,69,0
38,70,0
38,71,0
38,72,-1
38,73,0
38,74,0
38,75,0
38,76,0
38,77,0
38,78,0
38,79,-1
38,80,2
38,81,0
38,82,0
38,83,0
38,84,0
38,85,0
38,86,0
38,87,0
38,88,0
38,89,0
38,90,0
38,91,0
38,92,0
38,93,0
38,94,0
38,95,0
38,96,0
38,97,0
38,98,0
38,99,0
38,100,0
38,101,0
38,102,0
38,103,0
38,104,0
38,105,0
38,106,0
38,107,0
38,108,0
38,109,0
38,110,-1
38,111,0
39,1,-1
39,38,3
39,41,2
39,58,0
39,59,0
39,60,0
39,61,0
39,62,0
39,63,0
39,64,0
39,65,0
39,66,0
39,67,0
39,68,0
39,69,0
39,70,0
39,71,0
39,72,0
39,73,0
39,74,0
39,75,0
39,76,0
39,77,0
39,78,0
39,79,0
39,80,2
39,81,0
39,82,0
39,83,0
39,84,0
39,85,0
39,86,0
39,87,0
39,88,0
39,89,0
39,90,0
39,91,0
39,92,0
39,93,0
39,94,0
39,95,0
39,96,0
39,97,0
39,98,0
39,99,0
39,100,0
39,101,0
39,102,0
39,103,0
39,104,0
39,105,0
39,106,0
39,107,0
39,108,0
39,109,0
39,110,0
39,111,0
40,13,1
40,28,-5
40,44,-2
40,55,1
40,58,-3
40,58,-1
40,59,0
40,60,0
40,61,0
40,62,0
40,63,0
40,64,0
40,65,0
40,66,0
40,67,0
40,68,0
40,69,0
40,70,0
40,71,0
40,72,0
40,73,0
40,74,0
40,75,0
40,76,0
40,77,0
40,78,0
40,79,0
40,80,0
40,81,0
40,82,0
40,83,0
40,84,0
40,85,0
40,86,0
40,87,0
40,88,0
40,89,0
40,90,0
40,91,0
40,92,0
40,93,0
40,94,0
40,95,0
40,96,0
40,97,0
40,98,1
40,99,0
40,100,0
40,101,0
40,102,0
40,103,0
40,104,0
40,105,0
40,106,0
40,107,0
40,108,0
40,109,0
40,110,0
40,111,0
41,0,-3
41,1,-2
41,2,-2
41,3,-2
41,4,-2
41,10,2
41,13,-3
41,19,-3
41,21,-2
41,36,2
41,37,2
41,38,2
41,39,2
41,42,4
41,45,3
41,58,0
41,59,-1
41,60,1
41,61,0
41,62,0
41,63,0
41,64,-1
41,65,-1
41,66,-1
41,67,-1
41,68,0
41,69,-1
41,70,0
41,71,0
41,72,-1
41,73,0
41,74,-1
41,75,-2
41,76,0
41,77,0
41,78,-1
41,79,-2
41,80,0
41,81,0
41,82,0
41,83,-2
41,84,0
41,85,0
41,86,0
41,87,0
41,88,0
41,89,-1
41,90,-1
41,91,-1
41,92,-1
41,93,-1
41,94,0
41,95,0
41,96,0
41,97,1
41,98,-2
41,99,0
41,100,0
41,101,0
41,102,0
41,103,0
41,104,-1
41,105,1
41,106,-1
41,107,-1
41,108,0
41,109,0
41,110,-1
41,111,0
42,13,-2
42,17,-1
42,30,2
42,35,-3
42,40,2
42,41,3
42,44,1
42,58,0
42,59,0
42,60,1
42,61,0
42,62,0
42,63,0
42,64,0
42,65,0
42,66,0
42,67,0
42,68,0
42,69,0
42,70,0
42,71,0
42,72,0
42,73,0
42,74,0
42,75,0
42,76,0
42,77,0
42,78,0
42,79,0
42,80,0
42,81,0
42,82,0
42,83,0
42,84,0
42,85,0
42,86,0
42,87,0
42,88,0
42,89,0
42,90,0
42,91,0
42,92,0
42,93,0
42,94,0
42,95,0
42,96,0
42,97,0
42,98,0
42,99,0
42,100,0
42,101,0
42,102,0
42,103,0
42,104,0
42,105,0
42,106,0
42,107,0
42,108,0
42,109,0
42,110,0
42,111,0
43,0,-1
43,13,-1
43,35,-3
43,58,0
43,59,0
43,60,1
43,61,0
43,62,0
43,63,0
43,64,0
43,65,0
43,66,0
43,67,0
43,68,0
43,69,0
43,70,0
43,71,0
43,72,0
43,73,0
43,74,0
43,75,0
43,76,0
43,77,0
43,78,0
43,79,0
43,80,0
43,81,0
43,82,0
43,83,0
43,84,0
43,85,0
43,86,0
43,87,0
43,88,1
43,89,0
43,90,0
43,91,0
43,92,0
43,93,0
43,94,0
43,95,0
43,96,0
43,97,0
43,98,1
43,99,0
43,100,0
43,101,0
43,102,0
43,103,0
43,104,0
43,105,0
43,106,0
43,107,0
43,108,0
43,109,0
43,110,0
43,111,0
44,3,-1
44,4,-1
44,40,2
44,58,0
44,59,0
44,60,0
44,61,0
44,62,-1
44,63,0
44,64,0
44,65,0
44,66,0
44,67,0
44,68,0
44,69,0
44,70,0
44,71,0
44,72,0
44,73,0
44,74,0
44,75,0
44,76,0
44,77,0
44,78,0
44,79,0
44,80,0
44,81,0
44,82,0
44,83,0
44,84,0
44,85,0
44,86,0
44,87,0
44,88,0
44,89,0
44,90,0
44,91,0
44,92,0
44,93,0
44,94,0
44,95,1
44,96,0
44,97,0
44,98,0
44,99,0
44,100,0
44,101,0
44,102,0
44,103,0
44,104,0
44,105,0
44,106,0
44,107,0
44,108,0
44,109,0
44,110,0
44,111,0
45,35,4
45,41,3
45,58,0
45,59,0
45,60,0
45,61,0
45,62,0
45,63,0
45,64,0
45,65,0
45,66,0
45,67,0
45,68,0
45,69,0
45,70,0
45,71,0
45,72,0
45,73,0
45,74,0
45,75,0
45,76,0
45,77,0
45,78,0
45,79,0
45,80,0
45,81,0
45,82,0
45,83,0
45,84,0
45,85,0
45,86,0
45,87,0
45,88,0
45,89,0
45,90,0
45,91,0
45,92,0
45,93,0
45,94,0
45,95,0
45,96,-2
45,97,-1
45,98,0
45,99,0
45,100,0
45,101,0
45,102,0
45,103,0
45,104,0
45,105,0
45,106,0
45,107,0
45,108,0
45,109,0
45,110,0
45,111,0
46,0,-1
46,19,-1
46,47,5
46,48,5
46,58,0
46,59,0
46,60,0
46,61,0
46,62,0
46,63,0
46,64,0
46,65,0
46,66,0
46,67,0
46,68,0
46,69,0
46,70,0
46,71,0
46,72,0
46,73,0
46,74,0
46,75,0
46,76,0
46,77,0
46,78,0
46,79,0
46,80,0
46,81,0
46,82,0
46,83,0
46,84,0
46,85,0
46,86,0
46,87,0
46,88,0
46,89,0
46,90,0
46,91,0
46,92,0
46,93,0
46,94,0
46,95,0
46,96,0
46,97,0
46,98,0
46,99,0
46,100,0
46,101,0
46,102,0
46,103,5
46,104,0
46,105,0
46,106,0
46,107,0
46,108,0
46,109,0
46,110,0
46,111,0
47,0,-1
47,13,2
47,19,-1
47,25,-1
47,46,5
47,48,5
47,58,0
47,59,0
47,60,0
47,61,0
47,62,0
47,63,0
47,64,0
47,65,0
47,66,0
47,67,0
47,68,0
47,69,0
47,70,0
47,71,0
47,72,0
47,73,0
47,74,0
47,75,0
47,76,0
47,77,0
47,78,0
47,79,0
47,80,0
47,81,0
47,82,0
47,83,0
47,84,0
47,85,0
47,86,0
47,87,0
47,88,0
47,89,0
47,90,0
47,91,0
47,92,0
47,93,0
47,94,0
47,95,0
47,96,0
47,97,0
47,98,0
47,99,0
47,100,0
47,101,0
47,102,0
47,103,5
47,104,0
47,105,0
47,106,0
47,107,0
47,108,0
47,109,0
47,110,0
47,111,0
48,0,-2
48,19,-2
48,46,5
48,47,5
48,58,0
48,59,0
48,60,0
48,61,0
48,62,0
48,63,0
48,64,0
48,65,0
48,66,0
48,67,0
48,68,0
48,69,0
48,70,0
48,71,0
48,72,0
48,73,0
48,74,0
48,75,0
48,76,0
48,77,0
48,78,0
48,79,0
48,80,0
48,81,0
48,82,0
48,83,0
48,84,0
48,85,0
48,86,0
48,87,0
48,88,0
48,89,0
48,90,0
48,91,0
48,92,0
48,93,0
48,94,0
48,95,0
48,96,0
48,97,0
48,98,0
48,99,0
48,100,0
48,101,0
48,102,0
48,103,5
48,104,0
48,105,0
48,106,0
48,107,0
48,108,0
48,109,0
48,110,0
48,111,0
49,0,1
49,1,-2
49,2,1
49,42,2
49,43,2
49,45,2
49,58,0
49,59,0
49,60,0
49,61,0
49,62,0
49,63,0
49,64,0
49,65,0
49,66,0
49,67,0
49,68,0
49,69,0
49,70,0
49,71,0
49,72,0
49,73,0
49,74,0
49,75,0
49,76,0
49,77,0
49,78,0
49,79,0
49,80,0
49,81,0
49,82,0
49,83,0
49,84,0
49,85,0
49,86,0
49,87,0
49,88,0
49,89,0
49,90,0
49,91,0
49,92,0
49,93,0
49,94,0
49,95,0
49,96,0
49,97,0
49,98,0
49,99,0
49,100,0
49,101,0
49,102,0
49,103,0
49,104,0
49,105,0
49,106,0
49,107,0
49,108,0
49,109,0
49,110,0
49,111,0
50,0,1
50,1,3
50,58,-1
50,58,4
50,59,0
50,60,0
50,61,0
50,62,0
50,63,0
50,64,0
50,65,0
50,66,0
50,67,0
50,68,0
50,69,0
50,70,0
50,71,0
50,72,0
50,73,0
50,74,0
50,75,0
50,76,0
50,77,0
50,78,0
50,79,0
50,80,0
50,81,0
50,82,0
50,83,0
50,84,0
50,85,0
50,86,0
50,87,0
50,88,0
50,89,0
50,90,0
50,91,0
50,92,0
50,93,0
50,94,0
50,95,0
50,96,0
50,97,0
50,98,0
50,99,0
50,100,0
50,101,0
50,102,0
50,103,0
50,104,0
50,105,0
50,106,0
50,107,0
50,108,0
50,109,0
50,110,0
50,111,0
51,0,-1
51,1,-1
51,2,-1
51,19,5
51,58,0
51,59,0
51,60,0
51,61,0
51,62,0
51,63,0
51,64,0
51,65,0
51,66,0
51,67,0
51,68,0
51,69,0
51,70,0
51,71,-1
51,72,0
51,73,0
51,74,0
51,75,0
51,76,0
51,77,0
51,78,0
51,79,0
51,80,0
51,81,0
51,82,0
51,83,0
51,84,0
51,85,0
51,86,0
51,87,0
51,88,0
51,89,0
51,90,0
51,91,0
51,92,0
51,93,0
51,94,0
51,95,0
51,96,0
51,97,0
51,98,0
51,99,0
51,100,0
51,101,0
51,102,0
51,103,0
51,104,0
51,105,0
51,106,0
51,107,0
51,108,0
51,109,0
51,110,0
51,111,0
52,0,5
52,58,0
52,59,0
52,60,0
52,61,0
52,62,0
52,63,0
52,64,0
52,65,0
52,66,0
52,67,0
52,68,0
52,69,0
52,70,0
52,71,0
52,72,0
52,73,0
52,74,0
52,75,0
52,76,0
52,77,0
52,78,0
52,79,0
52,80,0
52,81,0
52,82,0
52,83,0
52,84,0
52,85,0
52,86,0
52,87,0
52,88,0
52,89,0
52,90,0
52,91,0
52,92,0
52,93,0
52,94,0
52,95,0
52,96,0
52,97,0
52,98,0
52,99,0
52,100,0
52,101,0
52,102,0
52,103,0
52,104,0
52,105,0
52,106,0
52,107,0
52,108,0
52,109,0
52,110,0
52,111,0
53,19,4
53,58,0
53,59,0
53,60,0
53,61,0
53,62,0
53,63,0
53,64,0
53,65,0
53,66,0
53,67,0
53,68,0
53,69,0
53,70,0
53,71,0
53,72,0
53,73,0
53,74,0
53,75,0
53,76,0
53,77,0
53,78,0
53,79,0
53,80,0
53,81,0
53,82,0
53,83,0
53,84,0
53,85,0
53,86,0
53,87,0
53,88,0
53,89,0
53,90,0
53,91,0
53,92,0
53,93,0
53,94,0
53,95,0
53,96,0
53,97,0
53,98,0
53,99,0
53,100,0
53,101,0
53,102,0
53,103,0
53,104,0
53,105,0
53,106,0
53,107,0
53,108,0
53,109,0
53,110,0
53,111,0
54,1,2
54,19,4
54,58,0
54,59,0
54,60,0
54,61,0
54,62,0
54,63,0
54,64,0
54,65,0
54,66,0
54,67,0
54,68,0
54,69,0
54,70,0
54,71,0
54,72,0
54,73,0
54,74,0
54,75,0
54,76,0
54,77,0
54,78,0
54,79,0
54,80,0
54,81,0
54,82,0
54,83,0
54,84,0
54,85,0
54,86,0
54,87,0
54,88,0
54,89,0
54,90,0
54,91,0
54,92,0
54,93,0
54,94,0
54,95,0
54,96,0
54,97,0
54,98,0
54,99,0
54,100,0
54,101,0
54,102,0
54,103,0
54,104,0
54,105,0
54,106,0
54,107,0
54,108,0
54,109,0
54,110,0
54,111,0
55,13,2
55,19,4
55,27,3
55,58,2
55,58,1
55,59,0
55,60,0
55,61,0
55,62,0
55,63,0
55,64,0
55,65,0
55,66,0
55,67,0
55,68,0
55,69,0
55,70,0
55,71,0
55,72,0
55,73,0
55,74,0
55,75,0
55,76,0
55,77,0
55,78,0
55,79,0
55,80,0
55,81,0
55,82,0
55,83,0
55,84,0
55,85,0
55,86,0
55,87,0
55,88,0
55,89,0
55,90,0
55,91,0
55,92,0
55,93,0
55,94,0
55,95,0
55,96,0
55,97,0
55,98,0
55,99,0
55,100,0
55,101,0
55,102,1
55,103,0
55,104,0
55,105,0
55,106,0
55,107,0
55,108,0
55,109,0
55,110,0
55,111,0
56,22,-4
56,35,-4
56,58,0
56,59,0
56,60,0
56,61,0
56,62,0
56,63,0
56,64,0
56,65,0
56,66,0
56,67,0
56,68,0
56,69,0
56,70,0
56,71,0
56,72,0
56,73,0
56,74,0
56,75,0
56,76,0
56,77,0
56,78,0
56,79,0
56,80,0
56,81,0
56,82,0
56,83,0
56,84,0
56,85,0
56,86,0
56,87,0
56,88,0
56,89,0
56,90,0
56,91,0
56,92,0
56,93,0
56,94,0
56,95,0
56,96,0
56,97,0
56,98,0
56,99,0
56,100,0
56,101,0
56,102,0
56,103,0
56,104,0
56,105,0
56,106,0
56,107,0
56,108,0
56,109,0
56,110,0
56,111,4
57,0,2
57,8,3
57,58,0
57,59,0
57,60,0
57,61,0
57,62,0
57,63,0
57,64,0
57,65,0
57,66,0
57,67,0
57,68,0
57,69,0
57,70,0
57,71,0
57,72,0
57,73,0
57,74,0
57,75,0
57,76,0
57,77,0
57,78,0
57,79,0
57,80,0
57,81,0
57,82,0
57,83,0
57,84,0
57,85,0
57,86,0
57,87,0
57,88,0
57,89,0
57,90,0
57,91,0
57,92,0
57,93,0
57,94,0
57,95,0
57,96,0
57,97,0
57,98,0
57,99,5
57,100,0
57,101,0
57,102,0
57,103,0
57,104,0
57,105,0
57,106,0
57,107,0
57,108,0
57,109,0
57,110,0
57,111,0
58,0,1
58,1,0
58,2,0
58,3,0
58,4,0
58,5,0
58,6,0
58,7,0
58,8,0
58,9,0
58,10,0
58,11,0
58,12,0
58,13,1
58,14,0
58,15,0
58,16,0
58,17,0
58,18,0
58,19,0
58,20,0
58,21,0
58,22,0
58,23,-2
58,24,0
58,25,0
58,26,-2
58,26,3
58,27,0
58,28,-3
58,28,0
58,29,0
58,30,0
58,31,0
58,32,0
58,33,0
58,34,0
58,35,-4
58,35,-3
58,36,0
58,37,0
58,38,0
58,39,0
58,40,-3
58,40,-1
58,41,0
58,42,0
58,43,0
58,44,0
58,45,0
58,46,0
58,47,0
58,48,0
58,49,0
58,50,2
58,50,4
58,51,0
58,52,0
58,53,0
58,54,0
58,55,0
58,56,0
58,57,0
58,58,0
58,59,0
58,60,0
58,61,0
58,62,0
58,63,0
58,64,0
58,65,0
58,66,0
58,67,0
58,68,0
58,69,0
58,70,0
58,71,0
58,72,0
58,73,0
58,74,0
58,75,0
58,76,0
58,77,0
58,78,0
58,79,0
58,80,0
58,81,0
58,82,0
58,83,0
58,84,0
58,85,0
58,86,0
58,87,0
58,88,0
58,89,0
58,90,0
58,91,0
58,92,0
58,93,0
58,94,0
58,95,0
58,96,0
58,97,0
58,98,0
58,99,0
58,100,0
58,101,0
58,102,0
58,103,0
58,104,0
58,105,0
58,106,0
58,107,0
58,108,0
58,109,0
58,110,0
58,111,0
59,0,1
59,1,4
59,2,5
59,3,5
59,4,5
59,5,2
59,6,3
59,7,4
59,8,0
59,9,0
59,10,0
59,11,0
59,12,1
59,13,0
59,14,5
59,15,0
59,16,0
59,17,5
59,18,5
59,19,2
59,20,0
59,21,0
59,22,0
59,23,0
59,24,0
59,25,0
59,26,0
59,27,-1
59,28,0
59,29,0
59,30,0
59,31,0
59,32,0
59,33,0
59,34,0
59,35,0
59,36,0
59,37,0
59,38,-1
59,39,0
59,40,0
59,41,0
59,42,0
59,43,0
59,44,0
59,45,0
59,46,0
59,47,0
59,48,0
59,49,0
59,50,0
59,51,0
59,52,0
59,53,0
59,54,0
59,55,0
59,56,0
59,57,0
59,58,0
59,59,0
59,60,5
59,61,5
59,62,0
59,63,0
59,64,1
59,65,1
59,66,1
59,67,0
59,68,0
59,69,0
59,70,0
59,71,0
59,72,2
59,73,0
59,74,0
59,75,0
59,76,0
59,77,0
59,78,0
59,79,0
59,80,0
59,81,0
59,82,0
59,83,0
59,84,-2
59,85,-2
59,86,0
59,87,0
59,88,0
59,89,0
59,90,0
59,91,0
59,92,0
59,93,0
59,94,0
59,95,0
59,96,0
59,97,0
59,98,0
59,99,0
59,100,0
59,101,0
59,102,0
59,103,0
59,104,0
59,105,0
59,106,0
59,107,0
59,108,0
59,109,0
59,110,0
59,111,0
60,0,-1
60,1,0
60,2,5
60,3,5
60,4,5
60,5,0
60,6,0
60,7,0
60,8,0
60,9,0
60,10,0
60,11,0
60,12,0
60,13,0
60,14,5
60,15,0
60,16,0
60,17,5
60,18,5
60,19,0
60,20,0
60,21,0
60,22,0
60,23,0
60,24,0
60,25,0
60,26,0
60,27,0
60,28,0
60,29,0
60,30,0
60,31,0
60,32,0
60,33,0
60,34,0
60,35,0
60,36,0
60,37,0
60,38,0
60,39,0
60,40,1
60,41,1
60,42,1
60,43,1
60,44,0
60,45,0
60,46,0
60,47,0
60,48,0
60,49,0
60,50,0
60,51,0
60,52,0
60,53,0
60,54,0
60,55,0
60,56,0
60,57,0
60,58,0
60,59,0
60,60,0
60,61,5
60,62,0
60,63,0
60,64,0
60,65,0
60,66,0
60,67,0
60,68,0
60,69,0
60,70,0
60,71,0
60,72,0
60,73,0
60,74,0
60,75,0
60,76,0
60,77,0
60,78,0
60,79,0
60,80,0
60,81,0
60,82,0
60,83,0
60,84,0
60,85,0
60,86,0
60,87,0
60,88,0
60,89,0
60,90,0
60,91,0
60,92,0
60,93,0
60,94,0
60,95,0
60,96,0
60,97,0
60,98,0
60,99,0
60,100,0
60,101,0
60,102,0
60,103,0
60,104,0
60,105,0
60,106,0
60,107,0
60,108,0
60,109,0
60,110,0
60,111,0
61,0,1
61,1,0
61,2,5
61,3,5
61,4,5
61,5,0
61,6,0
61,7,0
61,8,0
61,9,0
61,10,0
61,11,0
61,12,0
61,13,0
61,14,5
61,15,0
61,16,0
61,17,5
61,18,5
61,19,1
61,20,0
61,21,0
61,22,0
61,23,0
61,24,0
61,25,0
61,26,0
61,27,0
61,28,0
61,29,0
61,30,0
61,31,0
61,32,0
61,33,0
61,34,0
61,35,0
61,36,0
61,37,0
61,38,0
61,39,0
61,40,0
61,41,0
61,42,0
61,43,0
61,44,0
61,45,0
61,46,0
61,47,0
61,48,0
61,49,0
61,50,0
61,51,0
61,52,0
61,53,0
61,54,0
61,55,0
61,56,0
61,57,0
61,58,0
61,59,5
61,60,5
61,61,5
61,62,0
61,63,0
61,64,0
61,65,0
61,66,0
61,67,0
61,68,0
61,69,0
61,70,0
61,71,0
61,72,0
61,73,0
61,74,0
61,75,0
61,76,0
61,77,0
61,78,0
61,79,0
61,80,0
61,81,0
61,82,0
61,83,0
61,84,0
61,85,0
61,86,0
61,87,0
61,88,0
61,89,0
61,90,0
61,91,0
61,92,0
61,93,0
61,94,0
61,95,0
61,96,0
61,97,0
61,98,0
61,99,0
61,100,0
61,101,0
61,102,0
61,103,0
61,104,0
61,105,0
61,106,0
61,107,0
61,108,0
61,109,0
61,110,0
61,111,0
62,0,1
62,1,0
62,2,1
62,3,2
62,4,2
62,5,0
62,6,0
62,7,0
62,8,0
62,9,0
62,10,0
62,11,0
62,12,0
62,13,0
62,14,0
62,15,0
62,16,0
62,17,0
62,18,0
62,19,0
62,20,0
62,21,0
62,22,0
62,23,0
62,24,0
62,25,0
62,26,0
62,27,0
62,28,0
62,29,0
62,30,0
62,31,0
62,32,0
62,33,0
62,34,0
62,35,0
62,36,0
62,37,0
62,38,0
62,39,0
62,40,0
62,41,0
62,42,0
62,43,0
62,44,-2
62,45,0
62,46,0
62,47,0
62,48,0
62,49,0
62,50,0
62,51,0
62,52,0
62,53,0
62,54,0
62,55,0
62,56,0
62,57,0
62,58,0
62,59,0
62,60,0
62,61,0
62,62,0
62,63,0
62,64,0
62,65,0
62,66,0
62,67,0
62,68,0
62,69,0
62,70,0
62,71,0
62,72,0
62,73,0
62,74,0
62,75,0
62,76,0
62,77,0
62,78,0
62,79,0
62,80,0
62,81,0
62,82,0
62,83,0
62,84,0
62,85,0
62,86,0
62,87,0
62,88,0
62,89,0
62,90,0
62,91,0
62,92,0
62,93,0
62,94,0
62,95,0
62,96,0
62,97,0
62,98,0
62,99,0
62,100,0
62,101,0
62,102,0
62,103,0
62,104,0
62,105,0
62,106,0
62,107,0
62,108,0
62,109,0
62,110,0
62,111,0
63,0,0
63,1,0
63,2,0
63,3,2
63,4,2
63,5,0
63,6,0
63,7,0
63,8,0
63,9,0
63,10,0
63,11,0
63,12,0
63,13,0
63,14,0
63,15,0
63,16,0
63,17,0
63,18,0
63,19,0
63,20,0
63,21,1
63,22,0
63,23,0
63,24,0
63,25,0
63,26,0
63,27,0
63,28,0
63,29,0
63,30,0
63,31,0
63,32,0
63,33,0
63,34,0
63,35,0
63,36,0
63,37,0
63,38,-1
63,39,0
63,40,0
63,41,0
63,42,0
63,43,0
63,44,0
63,45,0
63,46,0
63,47,0
63,48,0
63,49,0
63,50,0
63,51,0
63,52,0
63,53,0
63,54,0
63,55,0
63,56,0
63,57,0
63,58,0
63,59,0
63,60,0
63,61,0
63,62,0
63,63,0
63,64,2
63,65,2
63,66,2
63,67,2
63,68,0
63,69,0
63,70,0
63,71,0
63,72,0
63,73,0
63,74,0
63,75,0
63,76,0
63,77,0
63,78,0
63,79,0
63,80,0
63,81,0
63,82,0
63,83,0
63,84,0
63,85,0
63,86,0
63,87,0
63,88,0
63,89,0
63,90,0
63,91,0
63,92,0
63,93,0
63,94,0
63,95,0
63,96,0
63,97,0
63,98,0
63,99,0
63,100,0
63,101,0
63,102,0
63,103,0
63,104,0
63,105,0
63,106,0
63,107,0
63,108,0
63,109,0
63,110,0
63,111,0
64,0,0
64,1,0
64,2,2
64,3,4
64,4,2
64,5,0
64,6,0
64,7,0
64,8,0
64,9,0
64,10,0
64,11,0
64,12,0
64,13,0
64,14,0
64,15,0
64,16,0
64,17,0
64,18,0
64,19,0
64,20,0
64,21,0
64,22,0
64,23,0
64,24,0
64,25,0
64,26,0
64,27,0
64,28,0
64,29,0
64,30,0
64,31,0
64,32,0
64,33,0
64,34,0
64,35,0
64,36,0
64,37,0
64,38,0
64,39,0
64,40,0
64,41,0
64,42,0
64,43,0
64,44,0
64,45,0
64,46,0
64,47,0
64,48,0
64,49,0
64,50,0
64,51,0
64,52,0
64,53,0
64,54,0
64,55,0
64,56,0
64,57,0
64,58,0
64,59,2
64,60,0
64,61,0
64,62,0
64,63,2
64,64,0
64,65,2
64,66,2
64,67,0
64,68,0
64,69,0
64,70,0
64,71,0
64,72,0
64,73,0
64,74,0
64,75,0
64,76,0
64,77,0
64,78,0
64,79,0
64,80,0
64,81,0
64,82,0
64,83,0
64,84,0
64,85,0
64,86,0
64,87,0
64,88,0
64,89,1
64,90,1
64,91,0
64,92,1
64,93,1
64,94,0
64,95,0
64,96,0
64,97,0
64,98,0
64,99,0
64,100,0
64,101,0
64,102,0
64,103,0
64,104,1
64,105,0
64,106,0
64,107,0
64,108,0
64,109,0
64,110,0
64,111,0
65,0,2
65,1,0
65,2,0
65,3,2
65,4,2
65,5,1
65,6,1
65,7,1
65,8,1
65,9,1
65,10,0
65,11,0
65,12,0
65,13,0
65,14,0
65,15,0
65,16,0
65,17,0
65,18,0
65,19,0
65,20,0
65,21,0
65,22,0
65,23,0
65,24,0
65,25,0
65,26,0
65,27,0
65,28,0
65,29,0
65,30,0
65,31,0
65,32,0
65,33,0
65,34,0
65,35,0
65,36,0
65,37,0
65,38,0
65,39,0
65,40,0
65,41,0
65,42,0
65,43,0
65,44,0
65,45,0
65,46,0
65,47,0
65,48,0
65,49,0
65,50,0
65,51,0
65,52,0
65,53,0
65,54,0
65,55,0
65,56,0
65,57,0
65,58,0
65,59,1
65,60,0
65,61,0
65,62,0
65,63,1
65,64,2
65,65,0
65,66,2
65,67,1
65,68,0
65,69,2
65,70,0
65,71,0
65,72,0
65,73,0
65,74,0
65,75,0
65,76,0
65,77,0
65,78,0
65,79,0
65,80,0
65,81,0
65,82,0
65,83,0
65,84,0
65,85,0
65,86,0
65,87,0
65,88,0
65,89,1
65,90,2
65,91,2
65,92,1
65,93,1
65,94,0
65,95,0
65,96,0
65,97,0
65,98,0
65,99,0
65,100,0
65,101,0
65,102,0
65,103,0
65,104,0
65,105,0
65,106,0
65,107,0
65,108,0
65,109,0
65,110,0
65,111,0
66,0,2
66,1,0
66,2,0
66,3,2
66,4,2
66,5,1
66,6,1
66,7,1
66,8,1
66,9,1
66,10,0
66,11,0
66,12,0
66,13,0
66,14,0
66,15,0
66,16,0
66,17,0
66,18,0
66,19,0
66,20,0
66,21,0
66,22,0
66,23,0
66,24,0
66,25,0
66,26,0
66,27,0
66,28,0
66,29,0
66,30,0
66,31,0
66,32,0
66,33,0
66,34,0
66,35,0
66,36,0
66,37,0
66,38,0
66,39,0
66,40,0
66,41,0
66,42,0
66,43,0
66,44,0
66,45,0
66,46,0
66,47,0
66,48,0
66,49,0
66,50,0
66,51,0
66,52,0
66,53,0
66,54,0
66,55,0
66,56,0
66,57,0
66,58,0
66,59,1
66,60,0
66,61,0
66,62,0
66,63,1
66,64,2
66,65,0
66,66,2
66,67,1
66,68,0
66,69,1
66,70,0
66,71,0
66,72,0
66,73,0
66,74,0
66,75,0
66,76,0
66,77,0
66,78,0
66,79,0
66,80,0
66,81,0
66,82,0
66,83,0
66,84,0
66,85,0
66,86,0
66,87,0
66,88,0
66,89,1
66,90,2
66,91,2
66,92,1
66,93,1
66,94,0
66,95,0
66,96,0
66,97,0
66,98,0
66,99,0
66,100,0
66,101,0
66,102,0
66,103,0
66,104,0
66,105,0
66,106,0
66,107,0
66,108,0
66,109,0
66,110,0
66,111,0
67,0,2
67,1,1
67,2,2
67,3,0
67,4,0
67,5,1
67,6,1
67,7,1
67,8,1
67,9,1
67,10,1
67,11,0
67,12,0
67,13,0
67,14,0
67,15,0
67,16,0
67,17,0
67,18,0
67,19,0
67,20,0
67,21,0
67,22,0
67,23,0
67,24,0
67,25,0
67,26,0
67,27,0
67,28,0
67,29,0
67,30,0
67,31,0
67,32,0
67,33,0
67,34,0
67,35,0
67,36,0
67,37,0
67,38,0
67,39,0
67,40,0
67,41,0
67,42,0
67,43,0
67,44,0
67,45,0
67,46,0
67,47,0
67,48,0
67,49,0
67,50,0
67,51,0
67,52,0
67,53,0
67,54,0
67,55,0
67,56,0
67,57,0
67,58,0
67,59,1
67,60,0
67,61,0
67,62,0
67,63,0
67,64,0
67,65,0
67,66,0
67,67,0
67,68,0
67,69,0
67,70,0
67,71,0
67,72,0
67,73,0
67,74,0
67,75,1
67,76,0
67,77,0
67,78,5
67,79,0
67,80,0
67,81,0
67,82,0
67,83,0
67,84,0
67,85,0
67,86,0
67,87,0
67,88,0
67,89,1
67,90,1
67,91,1
67,92,1
67,93,1
67,94,0
67,95,0
67,96,0
67,97,0
67,98,0
67,99,0
67,100,0
67,101,0
67,102,0
67,103,0
67,104,0
67,105,0
67,106,0
67,107,0
67,108,0
67,109,0
67,110,0
67,111,0
68,0,1
68,1,0
68,2,0
68,3,0
68,4,0
68,5,0
68,6,0
68,7,0
68,8,0
68,9,0
68,10,0
68,11,0
68,12,0
68,13,0
68,14,0
68,15,0
68,16,0
68,17,0
68,18,0
68,19,0
68,20,0
68,21,0
68,22,0
68,23,0
68,24,0
68,25,0
68,26,0
68,27,0
68,28,0
68,29,0
68,30,0
68,31,0
68,32,0
68,33,0
68,34,0
68,35,0
68,36,0
68,37,0
68,38,0
68,39,0
68,40,0
68,41,0
68,42,0
68,43,0
68,44,0
68,45,0
68,46,0
68,47,0
68,48,0
68,49,0
68,50,0
68,51,0
68,52,0
68,53,0
68,54,0
68,55,0
68,56,0
68,57,0
68,58,0
68,59,0
68,60,0
68,61,0
68,62,0
68,63,0
68,64,0
68,65,0
68,66,0
68,67,0
68,68,0
68,69,0
68,70,0
68,71,0
68,72,0
68,73,0
68,74,0
68,75,0
68,76,0
68,77,0
68,78,0
68,79,0
68,80,0
68,81,0
68,82,0
68,83,0
68,84,0
68,85,0
68,86,0
68,87,0
68,88,0
68,89,0
68,90,0
68,91,0
68,92,0
68,93,0
68,94,0
68,95,0
68,96,0
68,97,0
68,98,0
68,99,0
68,100,0
68,101,0
68,102,0
68,103,0
68,104,0
68,105,0
68,106,0
68,107,0
68,108,0
68,109,0
68,110,0
68,111,0
69,0,2
69,1,1
69,2,1
69,3,0
69,4,0
69,5,1
69,6,1
69,7,0
69,8,0
69,9,0
69,10,0
69,11,0
69,12,0
69,13,0
69,14,0
69,15,0
69,16,0
69,17,0
69,18,0
69,19,0
69,20,0
69,21,0
69,22,0
69,23,0
69,24,0
69,25,0
69,26,0
69,27,0
69,28,0
69,29,0
69,30,0
69,31,0
69,32,0
69,33,0
69,34,0
69,35,0
69,36,0
69,37,0
69,38,0
69,39,0
69,40,0
69,41,0
69,42,0
69,43,0
69,44,0
69,45,0
69,46,0
69,47,0
69,48,0
69,49,0
69,50,0
69,51,0
69,52,0
69,53,0
69,54,0
69,55,0
69,56,0
69,57,0
69,58,0
69,59,0
69,60,0
69,61,0
69,62,0
69,63,0
69,64,0
69,65,0
69,66,0
69,67,0
69,68,0
69,69,0
69,70,0
69,71,0
69,72,0
69,73,0
69,74,0
69,75,0
69,76,0
69,77,0
69,78,0
69,79,0
69,80,0
69,81,0
69,82,0
69,83,0
69,84,0
69,85,0
69,86,0
69,87,0
69,88,0
69,89,1
69,90,1
69,91,1
69,92,1
69,93,1
69,94,0
69,95,0
69,96,0
69,97,0
69,98,0
69,99,0
69,100,0
69,101,0
69,102,0
69,103,0
69,104,5
69,105,0
69,106,0
69,107,0
69,108,0
69,109,0
69,110,0
69,111,0
70,0,1
70,1,2
70,2,0
70,3,0
70,4,0
70,5,0
70,6,0
70,7,0
70,8,0
70,9,0
70,10,0
70,11,0
70,12,0
70,13,0
70,14,0
70,15,0
70,16,0
70,17,0
70,18,0
70,19,0
70,20,0
70,21,0
70,22,0
70,23,0
70,24,0
70,25,0
70,26,0
70,27,0
70,28,0
70,29,0
70,30,0
70,31,0
70,32,0
70,33,0
70,34,0
70,35,0
70,36,0
70,37,0
70,38,0
70,39,0
70,40,0
70,41,0
70,42,0
70,43,0
70,44,0
70,45,0
70,46,0
70,47,0
70,48,0
70,49,0
70,50,0
70,51,0
70,52,0
70,53,0
70,54,0
70,55,0
70,56,0
70,57,0
70,58,0
70,59,0
70,60,0
70,61,0
70,62,0
70,63,0
70,64,0
70,65,0
70,66,0
70,67,0
70,68,0
70,69,0
70,70,0
70,71,0
70,72,0
70,73,0
70,74,0
70,75,0
70,76,0
70,77,0
70,78,0
70,79,1
70,80,0
70,81,0
70,82,0
70,83,0
70,84,0
70,85,0
70,86,0
70,87,0
70,88,0
70,89,0
70,90,0
70,91,0
70,92,0
70,93,0
70,94,0
70,95,0
70,96,0
70,97,0
70,98,0
70,99,0
70,100,0
70,101,0
70,102,0
70,103,0
70,104,0
70,105,0
70,106,0
70,107,0
70,108,0
70,109,0
70,110,0
70,111,0
71,0,-3
71,1,0
71,2,0
71,3,0
71,4,0
71,5,0
71,6,0
71,7,0
71,8,0
71,9,0
71,10,0
71,11,0
71,12,0
71,13,-2
71,14,0
71,15,0
71,16,0
71,17,0
71,18,0
71,19,-2
71,20,0
71,21,-1
71,22,0
71,23,0
71,24,0
71,25,0
71,26,-2
71,27,0
71,28,0
71,29,0
71,30,0
71,31,0
71,32,0
71,33,0
71,34,0
71,35,3
71,36,0
71,37,0
71,38,0
71,39,0
71,40,0
71,41,0
71,42,0
71,43,0
71,44,0
71,45,0
71,46,0
71,47,0
71,48,0
71,49,0
71,50,0
71,51,-1
71,52,0
71,53,0
71,54,0
71,55,0
71,56,0
71,57,0
71,58,0
71,59,0
71,60,0
71,61,0
71,62,0
71,63,0
71,64,0
71,65,0
71,66,0
71,67,0
71,68,0
71,69,0
71,70,0
71,71,0
71,72,0
71,73,0
71,74,0
71,75,0
71,76,0
71,77,0
71,78,0
71,79,0
71,80,0
71,81,0
71,82,0
71,83,-1
71,84,0
71,85,0
71,86,0
71,87,0
71,88,0
71,89,0
71,90,0
71,91,0
71,92,0
71,93,0
71,94,0
71,95,0
71,96,0
71,97,0
71,98,0
71,99,0
71,100,0
71,101,0
71,102,0
71,103,0
71,104,0
71,105,0
71,106,0
71,107,0
71,108,0
71,109,0
71,110,0
71,111,0
72,0,4
72,1,4
72,2,4
72,3,2
72,4,2
72,5,2
72,6,4
72,7,4
72,8,2
72,9,0
72,10,0
72,11,0
72,12,1
72,13,1
72,14,0
72,15,0
72,16,0
72,17,0
72,18,0
72,19,2
72,20,0
72,21,0
72,22,0
72,23,0
72,24,0
72,25,0
72,26,0
72,27,0
72,28,0
72,29,-2
72,30,-1
72,31,0
72,32,0
72,33,0
72,34,0
72,35,-2
72,36,0
72,37,0
72,38,-1
72,39,0
72,40,0
72,41,-2
72,42,0
72,43,0
72,44,0
72,45,0
72,46,0
72,47,0
72,48,0
72,49,-2
72,50,0
72,51,0
72,52,0
72,53,0
72,54,0
72,55,0
72,56,0
72,57,0
72,58,0
72,59,4
72,60,0
72,61,0
72,62,0
72,63,0
72,64,0
72,65,0
72,66,0
72,67,0
72,68,0
72,69,0
72,70,0
72,71,0
72,72,0
72,73,0
72,74,0
72,75,1
72,76,0
72,77,0
72,78,0
72,79,0
72,80,0
72,81,0
72,82,0
72,83,0
72,84,-2
72,85,-2
72,86,0
72,87,2
72,88,0
72,89,2
72,90,2
72,91,2
72,92,2
72,93,2
72,94,0
72,95,0
72,96,0
72,97,0
72,98,0
72,99,0
72,100,0
72,101,0
72,102,0
72,103,0
72,104,0
72,105,0
72,106,0
72,107,0
72,108,0
72,109,0
72,110,2
72,111,0
73,0,2
73,1,1
73,2,0
73,3,0
73,4,0
73,5,0
73,6,0
73,7,0
73,8,0
73,9,0
73,10,0
73,11,0
73,12,0
73,13,1
73,14,0
73,15,0
73,16,0
73,17,0
73,18,0
73,19,1
73,20,0
73,21,1
73,22,0
73,23,0
73,24,0
73,25,0
73,26,-1
73,27,0
73,28,0
73,29,0
73,30,0
73,31,0
73,32,0
73,33,0
73,34,0
73,35,0
73,36,0
73,37,0
73,38,-1
73,39,0
73,40,0
73,41,0
73,42,0
73,43,0
73,44,0
73,45,0
73,46,0
73,47,0
73,48,0
73,49,0
73,50,0
73,51,0
73,52,0
73,53,0
73,54,0
73,55,0
73,56,0
73,57,0
73,58,0
73,59,0
73,60,0
73,61,0
73,62,0
73,63,0
73,64,0
73,65,0
73,66,0
73,67,0
73,68,0
73,69,0
73,70,0
73,71,0
73,72,0
73,73,0
73,74,0
73,75,0
73,76,0
73,77,0
73,78,0
73,79,0
73,80,0
73,81,0
73,82,0
73,83,0
73,84,0
73,85,0
73,86,0
73,87,0
73,88,0
73,89,0
73,90,0
73,91,0
73,92,0
73,93,0
73,94,0
73,95,0
73,96,0
73,97,0
73,98,0
73,99,0
73,100,0
73,101,0
73,102,0
73,103,0
73,104,0
73,105,0
73,106,0
73,107,0
73,108,0
73,109,0
73,110,0
73,111,0
74,0,1
74,1,1
74,2,1
74,3,0
74,4,0
74,5,0
74,6,0
74,7,0
74,8,0
74,9,0
74,10,0
74,11,0
74,12,0
74,13,2
74,14,0
74,15,0
74,16,0
74,17,0
74,18,0
74,19,2
74,20,0
74,21,2
74,22,0
74,23,0
74,24,0
74,25,0
74,26,1
74,27,0
74,28,0
74,29,0
74,30,0
74,31,0
74,32,0
74,33,0
74,34,0
74,35,-2
74,36,0
74,37,0
74,38,0
74,39,0
74,40,0
74,41,-1
74,42,0
74,43,0
74,44,0
74,45,0
74,46,0
74,47,0
74,48,0
74,49,0
74,50,0
74,51,0
74,52,0
74,53,0
74,54,0
74,55,0
74,56,0
74,57,0
74,58,0
74,59,0
74,60,0
74,61,0
74,62,0
74,63,0
74,64,0
74,65,0
74,66,0
74,67,0
74,68,0
74,69,0
74,70,0
74,71,0
74,72,0
74,73,0
74,74,0
74,75,1
74,76,0
74,77,0
74,78,0
74,79,0
74,80,0
74,81,0
74,82,0
74,83,0
74,84,-2
74,85,-2
74,86,0
74,87,0
74,88,0
74,89,0
74,90,0
74,91,0
74,92,0
74,93,0
74,94,0
74,95,0
74,96,0
74,97,0
74,98,0
74,99,0
74,100,0
74,101,0
74,102,0
74,103,0
74,104,0
74,105,1
74,106,2
74,107,2
74,108,0
74,109,0
74,110,0
74,111,0
75,0,-1
75,1,-2
75,2,-1
75,3,0
75,4,0
75,5,0
75,6,0
75,7,0
75,8,0
75,9,1
75,10,0
75,11,0
75,12,0
75,13,2
75,14,0
75,15,0
75,16,0
75,17,0
75,18,0
75,19,1
75,20,0
75,21,4
75,22,0
75,23,0
75,24,0
75,25,0
75,26,1
75,27,0
75,28,0
75,29,0
75,30,0
75,31,0
75,32,0
75,33,0
75,34,0
75,35,-2
75,36,0
75,37,0
75,38,0
75,39,0
75,40,0
75,41,-2
75,42,0
75,43,0
75,44,0
75,45,0
75,46,0
75,47,0
75,48,0
75,49,-1
75,50,0
75,51,0
75,52,0
75,53,0
75,54,0
75,55,0
75,56,0
75,57,0
75,58,0
75,59,0
75,60,0
75,61,0
75,62,0
75,63,0
75,64,0
75,65,0
75,66,0
75,67,1
75,68,0
75,69,0
75,70,0
75,71,0
75,72,0
75,73,0
75,74,2
75,75,0
75,76,0
75,77,0
75,78,0
75,79,0
75,80,0
75,81,0
75,82,0
75,83,0
75,84,0
75,85,0
75,86,0
75,87,0
75,88,0
75,89,0
75,90,0
75,91,0
75,92,0
75,93,0
75,94,0
75,95,0
75,96,0
75,97,0
75,98,0
75,99,0
75,100,0
75,101,0
75,102,0
75,103,0
75,104,0
75,105,1
75,106,2
75,107,2
75,108,0
75,109,0
75,110,0
75,111,0
76,0,2
76,1,0
76,2,0
76,3,0
76,4,0
76,5,0
76,6,0
76,7,0
76,8,0
76,9,0
76,10,0
76,11,0
76,12,0
76,13,1
76,14,0
76,15,0
76,16,0
76,17,0
76,18,0
76,19,0
76,20,0
76,21,0
76,22,0
76,23,0
76,24,0
76,25,0
76,26,0
76,27,0
76,28,0
76,29,-2
76,30,0
76,31,0
76,32,0
76,33,0
76,34,0
76,35,-2
76,36,0
76,37,0
76,38,0
76,39,0
76,40,0
76,41,0
76,42,0
76,43,0
76,44,0
76,45,0
76,46,0
76,47,0
76,48,0
76,49,0
76,50,0
76,51,0
76,52,0
76,53,0
76,54,0
76,55,0
76,56,0
76,57,0
76,58,0
76,59,0
76,60,0
76,61,0
76,62,0
76,63,0
76,64,0
76,65,0
76,66,0
76,67,0
76,68,0
76,69,0
76,70,0
76,71,0
76,72,0
76,73,0
76,74,0
76,75,0
76,76,0
76,77,0
76,78,0
76,79,0
76,80,0
76,81,0
76,82,0
76,83,0
76,84,0
76,85,0
76,86,0
76,87,0
76,88,0
76,89,0
76,90,0
76,91,0
76,92,0
76,93,0
76,94,0
76,95,0
76,96,0
76,97,0
76,98,0
76,99,0
76,100,0
76,101,0
76,102,0
76,103,0
76,104,0
76,105,0
76,106,0
76,107,0
76,108,0
76,109,0
76,110,1
76,111,0
77,0,2
77,1,1
77,2,1
77,3,0
77,4,0
77,5,0
77,6,0
77,7,0
77,8,0
77,9,0
77,10,0
77,11,0
77,12,0
77,13,0
77,14,0
77,15,0
77,16,0
77,17,0
77,18,0
77,19,0
77,20,0
77,21,0
77,22,0
77,23,0
77,24,0
77,25,0
77,26,0
77,27,0
77,28,0
77,29,0
77,30,0
77,31,0
77,32,0
77,33,0
77,34,0
77,35,-2
77,36,0
77,37,0
77,38,0
77,39,0
77,40,0
77,41,0
77,42,0
77,43,0
77,44,0
77,45,0
77,46,0
77,47,0
77,48,0
77,49,0
77,50,0
77,51,0
77,52,0
77,53,0
77,54,0
77,55,0
77,56,0
77,57,1
77,58,0
77,59,0
77,60,0
77,61,0
77,62,0
77,63,0
77,64,0
77,65,0
77,66,0
77,67,0
77,68,0
77,69,0
77,70,0
77,71,0
77,72,0
77,73,0
77,74,0
77,75,0
77,76,0
77,77,0
77,78,0
77,79,0
77,80,0
77,81,0
77,82,0
77,83,0
77,84,0
77,85,0
77,86,0
77,87,0
77,88,0
77,89,0
77,90,0
77,91,0
77,92,0
77,93,0
77,94,0
77,95,0
77,96,0
77,97,0
77,98,0
77,99,0
77,100,0
77,101,0
77,102,0
77,103,0
77,104,0
77,105,0
77,106,0
77,107,0
77,108,0
77,109,0
77,110,0
77,111,0
78,0,2
78,1,1
78,2,2
78,3,0
78,4,0
78,5,1
78,6,1
78,7,1
78,8,1
78,9,1
78,10,1
78,11,0
78,12,0
78,13,0
78,14,0
78,15,0
78,16,0
78,17,0
78,18,0
78,19,0
78,20,0
78,21,0
78,22,0
78,23,0
78,24,0
78,25,0
78,26,0
78,27,0
78,28,0
78,29,0
78,30,0
78,31,0
78,32,0
78,33,0
78,34,0
78,35,0
78,36,0
78,37,0
78,38,0
78,39,0
78,40,0
78,41,0
78,42,0
78,43,0
78,44,0
78,45,0
78,46,0
78,47,0
78,48,0
78,49,0
78,50,0
78,51,0
78,52,0
78,53,0
78,54,0
78,55,0
78,56,0
78,57,0
78,58,0
78,59,1
78,60,0
78,61,0
78,62,0
78,63,0
78,64,0
78,65,0
78,66,0
78,67,5
78,68,0
78,69,0
78,70,0
78,71,0
78,72,0
78,73,0
78,74,0
78,75,0
78,76,0
78,77,0
78,78,0
78,79,0
78,80,0
78,81,0
78,82,0
78,83,0
78,84,0
78,85,0
78,86,0
78,87,0
78,88,0
78,89,1
78,90,1
78,91,1
78,92,1
78,93,1
78,94,0
78,95,0
78,96,0
78,97,0
78,98,0
78,99,0
78,100,0
78,101,0
78,102,0
78,103,0
78,104,0
78,105,0
78,106,0
78,107,0
78,108,0
78,109,0
78,110,0
78,111,0
79,0,2
79,1,2
79,2,1
79,3,0
79,4,0
79,5,0
79,6,0
79,7,0
79,8,0
79,9,0
79,10,0
79,11,0
79,12,0
79,13,3
79,14,0
79,15,0
79,16,0
79,17,0
79,18,0
79,19,2
79,20,2
79,21,2
79,22,0
79,23,2
79,24,0
79,25,1
79,26,1
79,27,0
79,28,0
79,29,0
79,30,0
79,31,0
79,32,0
79,33,0
79,34,0
79,35,-3
79,36,0
79,37,0
79,38,0
79,39,0
79,40,0
79,41,0
79,42,0
79,43,0
79,44,0
79,45,0
79,46,0
79,47,0
79,48,0
79,49,0
79,50,0
79,51,0
79,52,0
79,53,0
79,54,0
79,55,0
79,56,0
79,57,0
79,58,0
79,59,1
79,60,0
79,61,0
79,62,0
79,63,0
79,64,0
79,65,0
79,66,0
79,67,0
79,68,0
79,69,0
79,70,0
79,71,0
79,72,0
79,73,0
79,74,1
79,75,1
79,76,0
79,77,0
79,78,0
79,79,0
79,80,0
79,81,0
79,82,0
79,83,0
79,84,0
79,85,0
79,86,0
79,87,0
79,88,0
79,89,0
79,90,0
79,91,0
79,92,0
79,93,0
79,94,0
79,95,0
79,96,0
79,97,0
79,98,0
79,99,0
79,100,0
79,101,0
79,102,0
79,103,0
79,104,0
79,105,0
79,106,0
79,107,0
79,108,0
79,109,0
79,110,0
79,111,0
80,0,0
80,1,0
80,2,0
80,3,0
80,4,0
80,5,0
80,6,0
80,7,0
80,8,0
80,9,0
80,10,0
80,11,0
80,12,0
80,13,0
80,14,0
80,15,0
80,16,0
80,17,0
80,18,0
80,19,0
80,20,0
80,21,0
80,22,0
80,23,0
80,24,0
80,25,0
80,26,0
80,27,0
80,28,0
80,29,0
80,30,0
80,31,0
80,32,0
80,33,0
80,34,0
80,35,0
80,36,2
80,37,2
80,38,2
80,39,2
80,40,0
80,41,0
80,42,0
80,43,0
80,44,0
80,45,0
80,46,0
80,47,0
80,48,0
80,49,0
80,50,0
80,51,0
80,52,0
80,53,0
80,54,0
80,55,0
80,56,0
80,57,0
80,58,0
80,59,0
80,60,0
80,61,0
80,62,0
80,63,0
80,64,0
80,65,0
80,66,0
80,67,0
80,68,0
80,69,0
80,70,0
80,71,0
80,72,0
80,73,0
80,74,0
80,75,0
80,76,0
80,77,0
80,78,0
80,79,0
80,80,0
80,81,0
80,82,0
80,83,0
80,84,0
80,85,0
80,86,0
80,87,0
80,88,0
80,89,0
80,90,0
80,91,0
80,92,0
80,93,0
80,94,0
80,95,0
80,96,0
80,97,0
80,98,0
80,99,0
80,100,0
80,101,0
80,102,0
80,103,0
80,104,0
80,105,0
80,106,0
80,107,0
80,108,0
80,109,0
80,110,0
80,111,0
81,0,0
81,1,0
81,2,0
81,3,0
81,4,0
81,5,0
81,6,0
81,7,-2
81,8,0
81,9,0
81,10,0
81,11,0
81,12,0
81,13,0
81,14,0
81,15,-3
81,16,-3
81,17,0
81,18,0
81,19,0
81,20,0
81,21,0
81,22,0
81,23,0
81,24,0
81,25,0
81,26,-1
81,27,0
81,28,0
81,29,5
81,30,3
81,31,3
81,32,3
81,33,3
81,34,3
81,35,3
81,36,0
81,37,0
81,38,0
81,39,0
81,40,0
81,41,0
81,42,0
81,43,0
81,44,0
81,45,0
81,46,0
81,47,0
81,48,0
81,49,0
81,50,0
81,51,0
81,52,0
81,53,0
81,54,0
81,55,0
81,56,0
81,57,0
81,58,0
81,59,0
81,60,0
81,61,0
81,62,0
81,63,0
81,64,0
81,65,0
81,66,0
81,67,0
81,68,0
81,69,0
81,70,0
81,71,0
81,72,0
81,73,0
81,74,0
81,75,0
81,76,0
81,77,0
81,78,0
81,79,0
81,80,0
81,81,0
81,82,0
81,83,0
81,84,0
81,85,0
81,86,0
81,87,0
81,88,0
81,89,0
81,90,0
81,91,0
81,92,0
81,93,0
81,94,0
81,95,0
81,96,0
81,97,0
81,98,0
81,99,0
81,100,0
81,101,0
81,102,0
81,103,0
81,104,0
81,105,0
81,106,0
81,107,0
81,108,0
81,109,0
81,110,0
81,111,0
82,0,0
82,1,0
82,2,0
82,3,0
82,4,0
82,5,0
82,6,0
82,7,0
82,8,0
82,9,0
82,10,0
82,11,0
82,12,0
82,13,1
82,14,0
82,15,0
82,16,0
82,17,0
82,18,0
82,19,0
82,20,0
82,21,0
82,22,0
82,23,0
82,24,0
82,25,0
82,26,0
82,27,0
82,28,0
82,29,0
82,30,0
82,31,0
82,32,0
82,33,0
82,34,0
82,35,-3
82,36,0
82,37,0
82,38,0
82,39,0
82,40,0
82,41,0
82,42,0
82,43,0
82,44,0
82,45,0
82,46,0
82,47,0
82,48,0
82,49,0
82,50,0
82,51,0
82,52,0
82,53,0
82,54,0
82,55,0
82,56,0
82,57,0
82,58,0
82,59,0
82,60,0
82,61,0
82,62,0
82,63,0
82,64,0
82,65,0
82,66,0
82,67,0
82,68,0
82,69,0
82,70,0
82,71,0
82,72,0
82,73,0
82,74,0
82,75,0
82,76,0
82,77,0
82,78,0
82,79,0
82,80,0
82,81,0
82,82,0
82,83,0
82,84,0
82,85,0
82,86,0
82,87,0
82,88,0
82,89,0
82,90,0
82,91,0
82,92,0
82,93,0
82,94,0
82,95,0
82,96,0
82,97,0
82,98,0
82,99,0
82,100,0
82,101,0
82,102,0
82,103,0
82,104,0
82,105,0
82,106,0
82,107,0
82,108,0
82,109,0
82,110,0
82,111,0
83,0,2
83,1,0
83,2,0
83,3,0
83,4,0
83,5,0
83,6,0
83,7,0
83,8,0
83,9,0
83,10,0
83,11,0
83,12,0
83,13,2
83,14,0
83,15,0
83,16,0
83,17,0
83,18,0
83,19,3
83,20,0
83,21,0
83,22,0
83,23,0
83,24,0
83,25,0
83,26,0
83,27,0
83,28,0
83,29,0
83,30,0
83,31,0
83,32,0
83,33,0
83,34,0
83,35,0
83,36,0
83,37,0
83,38,0
83,39,0
83,40,0
83,41,-1
83,42,0
83,43,0
83,44,0
83,45,0
83,46,0
83,47,0
83,48,0
83,49,0
83,50,0
83,51,0
83,52,0
83,53,0
83,54,0
83,55,0
83,56,0
83,57,0
83,58,0
83,59,0
83,60,0
83,61,0
83,62,0
83,63,0
83,64,0
83,65,0
83,66,0
83,67,0
83,68,0
83,69,0
83,70,0
83,71,-1
83,72,0
83,73,0
83,74,0
83,75,-1
83,76,0
83,77,0
83,78,0
83,79,0
83,80,0
83,81,0
83,82,0
83,83,0
83,84,0
83,85,0
83,86,0
83,87,0
83,88,0
83,89,0
83,90,0
83,91,0
83,92,0
83,93,0
83,94,0
83,95,0
83,96,0
83,97,0
83,98,0
83,99,0
83,100,0
83,101,0
83,102,0
83,103,0
83,104,0
83,105,0
83,106,0
83,107,0
83,108,0
83,109,0
83,110,0
83,111,0
84,0,0
84,1,0
84,2,0
84,3,0
84,4,0
84,5,0
84,6,0
84,7,-2
84,8,0
84,9,0
84,10,0
84,11,0
84,12,0
84,13,0
84,14,0
84,15,0
84,16,0
84,17,0
84,18,0
84,19,-2
84,20,0
84,21,-3
84,22,0
84,23,0
84,24,0
84,25,0
84,26,1
84,27,0
84,28,0
84,29,0
84,30,0
84,31,0
84,32,0
84,33,0
84,34,0
84,35,3
84,36,0
84,37,0
84,38,0
84,39,0
84,40,0
84,41,1
84,42,0
84,43,0
84,44,0
84,45,0
84,46,0
84,47,0
84,48,0
84,49,0
84,50,0
84,51,0
84,52,0
84,53,0
84,54,0
84,55,0
84,56,0
84,57,0
84,58,0
84,59,-2
84,60,0
84,61,0
84,62,0
84,63,0
84,64,0
84,65,0
84,66,0
84,67,0
84,68,0
84,69,0
84,70,0
84,71,0
84,72,-2
84,73,0
84,74,-2
84,75,-2
84,76,0
84,77,0
84,78,0
84,79,0
84,80,0
84,81,0
84,82,0
84,83,0
84,84,0
84,85,5
84,86,0
84,87,0
84,88,0
84,89,0
84,90,0
84,91,0
84,92,0
84,93,0
84,94,0
84,95,0
84,96,0
84,97,0
84,98,0
84,99,0
84,100,0
84,101,0
84,102,0
84,103,0
84,104,0
84,105,0
84,106,0
84,107,0
84,108,0
84,109,0
84,110,0
84,111,0
85,0,0
85,1,0
85,2,0
85,3,0
85,4,0
85,5,0
85,6,0
85,7,-2
85,8,0
85,9,0
85,10,0
85,11,0
85,12,0
85,13,0
85,14,0
85,15,0
85,16,0
85,17,0
85,18,0
85,19,-2
85,20,0
85,21,-3
85,22,0
85,23,0
85,24,0
85,25,0
85,26,1
85,27,0
85,28,0
85,29,0
85,30,0
85,31,0
85,32,0
85,33,0
85,34,0
85,35,3
85,36,0
85,37,0
85,38,0
85,39,0
85,40,0
85,41,1
85,42,0
85,43,0
85,44,0
85,45,0
85,46,0
85,47,0
85,48,0
85,49,0
85,50,0
85,51,0
85,52,0
85,53,0
85,54,0
85,55,0
85,56,0
85,57,0
85,58,0
85,59,-2
85,60,0
85,61,0
85,62,0
85,63,0
85,64,0
85,65,0
85,66,0
85,67,0
85,68,0
85,69,0
85,70,0
85,71,0
85,72,-2
85,73,0
85,74,-2
85,75,-2
85,76,0
85,77,0
85,78,0
85,79,0
85,80,0
85,81,0
85,82,0
85,83,0
85,84,5
85,85,0
85,86,0
85,87,0
85,88,0
85,89,0
85,90,0
85,91,0
85,92,0
85,93,0
85,94,0
85,95,0
85,96,0
85,97,0
85,98,0
85,99,0
85,100,0
85,101,0
85,102,0
85,103,0
85,104,0
85,105,0
85,106,0
85,107,0
85,108,0
85,109,0
85,110,0
85,111,0
86,0,0
86,1,0
86,2,0
86,3,0
86,4,0
86,5,0
86,6,0
86,7,0
86,8,0
86,9,0
86,10,0
86,11,0
86,12,0
86,13,0
86,14,0
86,15,0
86,16,0
86,17,0
86,18,0
86,19,0
86,20,0
86,21,0
86,22,0
86,23,0
86,24,0
86,25,0
86,26,0
86,27,0
86,28,0
86,29,0
86,30,0
86,31,0
86,32,0
86,33,0
86,34,0
86,35,-1
86,36,0
86,37,0
86,38,0
86,39,0
86,40,0
86,41,0
86,42,0
86,43,0
86,44,0
86,45,0
86,46,0
86,47,0
86,48,0
86,49,0
86,50,0
86,51,0
86,52,0
86,53,0
86,54,0
86,55,0
86,56,0
86,57,0
86,58,0
86,59,0
86,60,0
86,61,0
86,62,0
86,63,0
86,64,0
86,65,0
86,66,0
86,67,0
86,68,0
86,69,0
86,70,0
86,71,0
86,72,0
86,73,0
86,74,0
86,75,0
86,76,0
86,77,0
86,78,0
86,79,0
86,80,0
86,81,0
86,82,0
86,83,0
86,84,0
86,85,0
86,86,0
86,87,0
86,88,0
86,89,0
86,90,0
86,91,0
86,92,0
86,93,0
86,94,0
86,95,0
86,96,0
86,97,0
86,98,0
86,99,0
86,100,0
86,101,0
86,102,0
86,103,0
86,104,0
86,105,0
86,106,0
86,107,0
86,108,0
86,109,0
86,110,0
86,111,0
87,0,2
87,1,0
87,2,0
87,3,0
87,4,0
87,5,0
87,6,0
87,7,0
87,8,0
87,9,0
87,10,0
87,11,0
87,12,0
87,13,0
87,14,0
87,15,0
87,16,0
87,17,0
87,18,0
87,19,0
87,20,0
87,21,0
87,22,0
87,23,0
87,24,0
87,25,0
87,26,0
87,27,0
87,28,0
87,29,0
87,30,0
87,31,0
87,32,0
87,33,0
87,34,0
87,35,-2
87,36,0
87,37,0
87,38,0
87,39,0
87,40,0
87,41,0
87,42,0
87,43,0
87,44,0
87,45,0
87,46,0
87,47,0
87,48,0
87,49,0
87,50,0
87,51,0
87,52,0
87,53,0
87,54,0
87,55,0
87,56,0
87,57,0
87,58,0
87,59,0
87,60,0
87,61,0
87,62,0
87,63,0
87,64,0
87,65,0
87,66,0
87,67,0
87,68,0
87,69,0
87,70,0
87,71,0
87,72,2
87,73,0
87,74,0
87,75,0
87,76,0
87,77,0
87,78,0
87,79,0
87,80,0
87,81,0
87,82,0
87,83,0
87,84,0
87,85,0
87,86,0
87,87,0
87,88,0
87,89,0
87,90,0
87,91,0
87,92,0
87,93,0
87,94,0
87,95,0
87,96,0
87,97,0
87,98,0
87,99,0
87,100,0
87,101,0
87,102,0
87,103,0
87,104,0
87,105,0
87,106,0
87,107,0
87,108,0
87,109,0
87,110,0
87,111,0
88,0,4
88,1,2
88,2,2
88,3,2
88,4,2
88,5,0
88,6,0
88,7,0
88,8,0
88,9,0
88,10,0
88,11,0
88,12,0
88,13,3
88,14,2
88,15,0
88,16,0
88,17,3
88,18,3
88,19,2
88,20,5
88,21,2
88,22,2
88,23,3
88,24,0
88,25,0
88,26,0
88,27,2
88,28,0
88,29,-4
88,30,-2
88,31,-2
88,32,0
88,33,0
88,34,0
88,35,-2
88,36,0
88,37,0
88,38,0
88,39,0
88,40,0
88,41,0
88,42,0
88,43,0
88,44,0
88,45,0
88,46,0
88,47,0
88,48,0
88,49,0
88,50,0
88,51,0
88,52,0
88,53,0
88,54,0
88,55,0
88,56,0
88,57,0
88,58,0
88,59,0
88,60,0
88,61,0
88,62,0
88,63,0
88,64,0
88,65,0
88,66,0
88,67,0
88,68,0
88,69,0
88,70,0
88,71,0
88,72,0
88,73,0
88,74,0
88,75,0
88,76,0
88,77,0
88,78,0
88,79,0
88,80,0
88,81,0
88,82,0
88,83,0
88,84,0
88,85,0
88,86,0
88,87,0
88,88,0
88,89,0
88,90,0
88,91,0
88,92,0
88,93,0
88,94,0
88,95,0
88,96,0
88,97,0
88,98,3
88,99,0
88,100,0
88,101,0
88,102,0
88,103,0
88,104,0
88,105,0
88,106,0
88,107,0
88,108,0
88,109,0
88,110,0
88,111,0
89,0,2
89,1,2
89,2,2
89,3,0
89,4,0
89,5,1
89,6,1
89,7,1
89,8,1
89,9,0
89,10,0
89,11,0
89,12,0
89,13,0
89,14,0
89,15,0
89,16,0
89,17,0
89,18,0
89,19,0
89,20,0
89,21,0
89,22,0
89,23,0
89,24,0
89,25,0
89,26,0
89,27,0
89,28,0
89,29,0
89,30,0
89,31,0
89,32,0
89,33,0
89,34,0
89,35,0
89,36,0
89,37,0
89,38,0
89,39,0
89,40,0
89,41,0
89,42,0
89,43,0
89,44,0
89,45,0
89,46,0
89,47,0
89,48,0
89,49,0
89,50,0
89,51,0
89,52,0
89,53,0
89,54,0
89,55,0
89,56,0
89,57,2
89,58,0
89,59,0
89,60,0
89,61,0
89,62,0
89,63,0
89,64,0
89,65,0
89,66,0
89,67,0
89,68,0
89,69,0
89,70,0
89,71,0
89,72,0
89,73,0
89,74,0
89,75,0
89,76,0
89,77,0
89,78,0
89,79,0
89,80,0
89,81,0
89,82,0
89,83,0
89,84,0
89,85,0
89,86,0
89,87,0
89,88,0
89,89,0
89,90,2
89,91,2
89,92,4
89,93,2
89,94,0
89,95,0
89,96,0
89,97,0
89,98,0
89,99,0
89,100,0
89,101,0
89,102,0
89,103,0
89,104,0
89,105,0
89,106,0
89,107,0
89,108,0
89,109,0
89,110,0
89,111,0
90,0,-1
90,1,-1
90,2,-1
90,3,0
90,4,0
90,5,0
90,6,0
90,7,0
90,8,0
90,9,0
90,10,0
90,11,0
90,12,0
90,13,0
90,14,0
90,15,0
90,16,0
90,17,0
90,18,0
90,19,0
90,20,0
90,21,0
90,22,0
90,23,0
90,24,0
90,25,0
90,26,0
90,27,0
90,28,0
90,29,0
90,30,0
90,31,0
90,32,0
90,33,0
90,34,0
90,35,0
90,36,0
90,37,0
90,38,0
90,39,0
90,40,0
90,41,0
90,42,0
90,43,0
90,44,0
90,45,0
90,46,0
90,47,0
90,48,0
90,49,0
90,50,0
90,51,0
90,52,0
90,53,0
90,54,0
90,55,0
90,56,0
90,57,0
90,58,0
90,59,0
90,60,0
90,61,0
90,62,0
90,63,0
90,64,0
90,65,0
90,66,0
90,67,0
90,68,0
90,69,0
90,70,0
90,71,0
90,72,0
90,73,0
90,74,0
90,75,0
90,76,0
90,77,0
90,78,0
90,79,0
90,80,0
90,81,0
90,82,0
90,83,0
90,84,0
90,85,0
90,86,0
90,87,0
90,88,0
90,89,1
90,90,0
90,91,0
90,92,1
90,93,0
90,94,0
90,95,0
90,96,0
90,97,0
90,98,0
90,99,0
90,100,0
90,101,0
90,102,0
90,103,0
90,104,0
90,105,0
90,106,0
90,107,0
90,108,0
90,109,0
90,110,0
90,111,0
91,0,1
91,1,1
91,2,1
91,3,0
91,4,0
91,5,0
91,6,0
91,7,0
91,8,0
91,9,0
91,10,0
91,11,0
91,12,0
91,13,0
91,14,0
91,15,0
91,16,0
91,17,0
91,18,0
91,19,0
91,20,0
91,21,0
91,22,0
91,23,0
91,24,0
91,25,0
91,26,0
91,27,0
91,28,0
91,29,0
91,30,0
91,31,0
91,32,0
91,33,0
91,34,0
91,35,0
91,36,0
91,37,0
91,38,0
91,39,0
91,40,0
91,41,0
91,42,0
91,43,0
91,44,0
91,45,0
91,46,0
91,47,0
91,48,0
91,49,0
91,50,0
91,51,0
91,52,0
91,53,0
91,54,0
91,55,0
91,56,0
91,57,3
91,58,0
91,59,0
91,60,0
91,61,0
91,62,0
91,63,0
91,64,0
91,65,0
91,66,0
91,67,0
91,68,0
91,69,0
91,70,0
91,71,0
91,72,0
91,73,0
91,74,0
91,75,0
91,76,0
91,77,0
91,78,0
91,79,0
91,80,0
91,81,0
91,82,0
91,83,0
91,84,0
91,85,0
91,86,0
91,87,0
91,88,0
91,89,2
91,90,2
91,91,0
91,92,2
91,93,0
91,94,0
91,95,0
91,96,0
91,97,0
91,98,0
91,99,0
91,100,0
91,101,0
91,102,0
91,103,0
91,104,0
91,105,0
91,106,0
91,107,0
91,108,0
91,109,0
91,110,0
91,111,0
92,0,-1
92,1,-1
92,2,-1
92,3,0
92,4,0
92,5,0
92,6,0
92,7,0
92,8,0
92,9,0
92,10,0
92,11,0
92,12,0
92,13,0
92,14,0
92,15,0
92,16,0
92,17,0
92,18,0
92,19,0
92,20,0
92,21,0
92,22,0
92,23,0
92,24,0
92,25,0
92,26,0
92,27,0
92,28,0
92,29,0
92,30,0
92,31,0
92,32,0
92,33,0
92,34,0
92,35,0
92,36,0
92,37,0
92,38,0
92,39,0
92,40,0
92,41,0
92,42,0
92,43,0
92,44,0
92,45,0
92,46,0
92,47,0
92,48,0
92,49,0
92,50,0
92,51,0
92,52,0
92,53,0
92,54,0
92,55,0
92,56,0
92,57,0
92,58,0
92,59,0
92,60,0
92,61,0
92,62,0
92,63,0
92,64,0
92,65,0
92,66,0
92,67,0
92,68,0
92,69,0
92,70,0
92,71,0
92,72,0
92,73,0
92,74,0
92,75,0
92,76,0
92,77,0
92,78,0
92,79,0
92,80,0
92,81,0
92,82,0
92,83,0
92,84,0
92,85,0
92,86,0
92,87,0
92,88,0
92,89,2
92,90,2
92,91,2
92,92,0
92,93,0
92,94,0
92,95,0
92,96,0
92,97,0
92,98,0
92,99,0
92,100,0
92,101,0
92,102,0
92,103,0
92,104,0
92,105,0
92,106,0
92,107,0
92,108,0
92,109,0
92,110,0
92,111,0
93,0,2
93,1,2
93,2,1
93,3,0
93,4,0
93,5,0
93,6,0
93,7,0
93,8,0
93,9,0
93,10,0
93,11,0
93,12,0
93,13,0
93,14,0
93,15,0
93,16,0
93,17,0
93,18,0
93,19,0
93,20,0
93,21,0
93,22,0
93,23,0
93,24,0
93,25,0
93,26,0
93,27,0
93,28,0
93,29,0
93,30,0
93,31,0
93,32,0
93,33,0
93,34,0
93,35,-2
93,36,-1
93,37,-1
93,38,-1
93,39,0
93,40,0
93,41,0
93,42,0
93,43,0
93,44,0
93,45,0
93,46,0
93,47,0
93,48,0
93,49,0
93,50,0
93,51,0
93,52,0
93,53,0
93,54,0
93,55,0
93,56,0
93,57,0
93,58,0
93,59,0
93,60,0
93,61,0
93,62,0
93,63,0
93,64,0
93,65,0
93,66,0
93,67,0
93,68,0
93,69,0
93,70,0
93,71,0
93,72,0
93,73,0
93,74,0
93,75,0
93,76,0
93,77,0
93,78,0
93,79,0
93,80,0
93,81,0
93,82,0
93,83,0
93,84,0
93,85,0
93,86,0
93,87,0
93,88,0
93,89,2
93,90,2
93,91,2
93,92,2
93,93,0
93,94,0
93,95,0
93,96,0
93,97,0
93,98,0
93,99,0
93,100,0
93,101,0
93,102,0
93,103,0
93,104,0
93,105,0
93,106,0
93,107,0
93,108,0
93,109,0
93,110,0
93,111,0
94,0,0
94,1,0
94,2,0
94,3,0
94,4,0
94,5,0
94,6,0
94,7,0
94,8,0
94,9,0
94,10,0
94,11,0
94,12,0
94,13,-1
94,14,0
94,15,0
94,16,0
94,17,0
94,18,0
94,19,-2
94,20,0
94,21,0
94,22,0
94,23,0
94,24,0
94,25,0
94,26,0
94,27,0
94,28,0
94,29,0
94,30,0
94,31,0
94,32,0
94,33,0
94,34,0
94,35,2
94,36,0
94,37,0
94,38,0
94,39,0
94,40,0
94,41,0
94,42,0
94,43,0
94,44,0
94,45,0
94,46,0
94,47,0
94,48,0
94,49,0
94,50,0
94,51,0
94,52,0
94,53,0
94,54,0
94,55,0
94,56,0
94,57,0
94,58,0
94,59,0
94,60,0
94,61,0
94,62,0
94,63,0
94,64,0
94,65,0
94,66,0
94,67,0
94,68,0
94,69,0
94,70,0
94,71,0
94,72,0
94,73,0
94,74,0
94,75,0
94,76,0
94,77,0
94,78,0
94,79,0
94,80,0
94,81,0
94,82,0
94,83,0
94,84,0
94,85,0
94,86,0
94,87,0
94,88,0
94,89,0
94,90,0
94,91,0
94,92,0
94,93,0
94,94,0
94,95,0
94,96,0
94,97,0
94,98,0
94,99,0
94,100,0
94,101,0
94,102,0
94,103,0
94,104,0
94,105,0
94,106,0
94,107,0
94,108,0
94,109,0
94,110,0
94,111,0
95,0,-3
95,1,-3
95,2,-3
95,3,0
95,4,0
95,5,0
95,6,0
95,7,0
95,8,0
95,9,0
95,10,0
95,11,0
95,12,-3
95,13,-1
95,14,0
95,15,0
95,16,0
95,17,0
95,18,0
95,19,0
95,20,0
95,21,0
95,22,0
95,23,0
95,24,0
95,25,0
95,26,0
95,27,0
95,28,0
95,29,2
95,30,2
95,31,2
95,32,0
95,33,0
95,34,0
95,35,3
95,36,0
95,37,0
95,38,0
95,39,0
95,40,0
95,41,0
95,42,0
95,43,0
95,44,1
95,45,0
95,46,0
95,47,0
95,48,0
95,49,0
95,50,0
95,51,0
95,52,0
95,53,0
95,54,0
95,55,0
95,56,0
95,57,0
95,58,-2
95,59,0
95,60,0
95,61,0
95,62,0
95,63,0
95,64,0
95,65,0
95,66,0
95,67,0
95,68,0
95,69,0
95,70,0
95,71,0
95,72,0
95,73,0
95,74,0
95,75,0
95,76,0
95,77,0
95,78,0
95,79,0
95,80,0
95,81,0
95,82,0
95,83,0
95,84,0
95,85,0
95,86,0
95,87,0
95,88,0
95,89,0
95,90,0
95,91,0
95,92,0
95,93,0
95,94,0
95,95,0
95,96,3
95,97,2
95,98,-1
95,99,0
95,100,0
95,101,0
95,102,0
95,103,0
95,104,0
95,105,0
95,106,0
95,107,0
95,108,0
95,109,0
95,110,0
95,111,0
96,0,-3
96,1,-3
96,2,-3
96,3,0
96,4,0
96,5,0
96,6,0
96,7,0
96,8,0
96,9,0
96,10,0
96,11,0
96,12,0
96,13,-1
96,14,0
96,15,0
96,16,0
96,17,0
96,18,0
96,19,0
96,20,0
96,21,0
96,22,0
96,23,0
96,24,0
96,25,0
96,26,0
96,27,0
96,28,0
96,29,2
96,30,2
96,31,2
96,32,0
96,33,0
96,34,0
96,35,3
96,36,0
96,37,0
96,38,0
96,39,0
96,40,0
96,41,0
96,42,0
96,43,0
96,44,1
96,45,0
96,46,0
96,47,0
96,48,0
96,49,0
96,50,0
96,51,0
96,52,0
96,53,0
96,54,0
96,55,0
96,56,0
96,57,0
96,58,0
96,59,0
96,60,0
96,61,0
96,62,0
96,63,0
96,64,0
96,65,0
96,66,0
96,67,0
96,68,0
96,69,0
96,70,0
96,71,0
96,72,0
96,73,0
96,74,0
96,75,0
96,76,0
96,77,0
96,78,0
96,79,0
96,80,0
96,81,0
96,82,0
96,83,0
96,84,0
96,85,0
96,86,0
96,87,0
96,88,0
96,89,0
96,90,0
96,91,0
96,92,0
96,93,0
96,94,0
96,95,3
96,96,0
96,97,2
96,98,-1
96,99,0
96,100,0
96,101,0
96,102,0
96,103,0
96,104,0
96,105,0
96,106,0
96,107,0
96,108,0
96,109,0
96,110,0
96,111,0
97,0,-2
97,1,-2
97,2,-2
97,3,0
97,4,0
97,5,0
97,6,0
97,7,0
97,8,0
97,9,0
97,10,0
97,11,0
97,12,0
97,13,-1
97,14,0
97,15,0
97,16,0
97,17,0
97,18,0
97,19,0
97,20,0
97,21,0
97,22,0
97,23,0
97,24,0
97,25,0
97,26,0
97,27,0
97,28,0
97,29,2
97,30,2
97,31,2
97,32,0
97,33,0
97,34,0
97,35,3
97,36,0
97,37,0
97,38,0
97,39,0
97,40,0
97,41,0
97,42,0
97,43,0
97,44,1
97,45,0
97,46,0
97,47,0
97,48,0
97,49,0
97,50,0
97,51,0
97,52,0
97,53,0
97,54,0
97,55,0
97,56,0
97,57,0
97,58,0
97,59,0
97,60,0
97,61,0
97,62,0
97,63,0
97,64,0
97,65,0
97,66,0
97,67,0
97,68,0
97,69,0
97,70,0
97,71,0
97,72,0
97,73,0
97,74,0
97,75,0
97,76,0
97,77,0
97,78,0
97,79,0
97,80,0
97,81,0
97,82,0
97,83,0
97,84,0
97,85,0
97,86,0
97,87,0
97,88,0
97,89,0
97,90,0
97,91,0
97,92,0
97,93,0
97,94,0
97,95,2
97,96,2
97,97,0
97,98,-1
97,99,0
97,100,0
97,101,0
97,102,0
97,103,0
97,104,0
97,105,0
97,106,0
97,107,0
97,108,0
97,109,0
97,110,0
97,111,0
98,0,2
98,1,2
98,2,2
98,3,1
98,4,1
98,5,0
98,6,0
98,7,0
98,8,0
98,9,0
98,10,0
98,11,-1
98,12,0
98,13,3
98,14,2
98,15,0
98,16,0
98,17,2
98,18,2
98,19,0
98,20,2
98,21,2
98,22,2
98,23,2
98,24,0
98,25,0
98,26,1
98,27,1
98,28,0
98,29,-2
98,30,0
98,31,0
98,32,0
98,33,0
98,34,0
98,35,-2
98,36,0
98,37,0
98,38,0
98,39,0
98,40,2
98,41,0
98,42,2
98,43,2
98,44,0
98,45,-1
98,46,0
98,47,0
98,48,0
98,49,0
98,50,0
98,51,0
98,52,0
98,53,0
98,54,0
98,55,0
98,56,0
98,57,0
98,58,0
98,59,0
98,60,0
98,61,0
98,62,0
98,63,0
98,64,0
98,65,0
98,66,0
98,67,0
98,68,0
98,69,0
98,70,0
98,71,0
98,72,0
98,73,0
98,74,0
98,75,0
98,76,0
98,77,0
98,78,0
98,79,0
98,80,0
98,81,0
98,82,0
98,83,0
98,84,0
98,85,0
98,86,0
98,87,0
98,88,3
98,89,0
98,90,0
98,91,0
98,92,0
98,93,0
98,94,0
98,95,-2
98,96,-2
98,97,-2
98,98,0
98,99,0
98,100,0
98,101,0
98,102,0
98,103,0
98,104,0
98,105,0
98,106,0
98,107,0
98,108,0
98,109,0
98,110,0
98,111,0
99,0,0
99,1,0
99,2,0
99,3,0
99,4,0
99,5,0
99,6,0
99,7,0
99,8,0
99,9,0
99,10,0
99,11,0
99,12,0
99,13,0
99,14,0
99,15,0
99,16,0
99,17,2
99,18,0
99,19,0
99,20,0
99,21,0
99,22,0
99,23,0
99,24,0
99,25,0
99,26,0
99,27,0
99,28,0
99,29,0
99,30,0
99,31,0
99,32,0
99,33,0
99,34,0
99,35,0
99,36,0
99,37,0
99,38,0
99,39,0
99,40,0
99,41,0
99,42,0
99,43,0
99,44,0
99,45,0
99,46,0
99,47,0
99,48,0
99,49,0
99,50,0
99,51,0
99,52,0
99,53,0
99,54,0
99,55,0
99,56,0
99,57,5
99,58,0
99,59,0
99,60,0
99,61,0
99,62,0
99,63,0
99,64,0
99,65,0
99,66,0
99,67,0
99,68,0
99,69,0
99,70,0
99,71,0
99,72,0
99,73,0
99,74,0
99,75,0
99,76,0
99,77,0
99,78,0
99,79,0
99,80,0
99,81,0
99,82,0
99,83,0
99,84,0
99,85,0
99,86,0
99,87,0
99,88,0
99,89,0
99,90,0
99,91,0
99,92,0
99,93,0
99,94,0
99,95,0
99,96,0
99,97,0
99,98,0
99,99,0
99,100,0
99,101,0
99,102,0
99,103,0
99,104,0
99,105,0
99,106,0
99,107,0
99,108,0
99,109,0
99,110,0
99,111,0
100,0,1
100,1,0
100,2,0
100,3,0
100,4,0
100,5,0
100,6,0
100,7,0
100,8,0
100,9,0
100,10,0
100,11,0
100,12,0
100,13,1
100,14,0
100,15,0
100,16,0
100,17,0
100,18,0
100,19,0
100,20,0
100,21,0
100,22,0
100,23,0
100,24,0
100,25,0
100,26,0
100,27,0
100,28,0
100,29,0
100,30,0
100,31,0
100,32,0
100,33,0
100,34,0
100,35,0
100,36,0
100,37,0
100,38,0
100,39,0
100,40,0
100,41,0
100,42,0
100,43,0
100,44,0
100,45,0
100,46,0
100,47,0
100,48,0
100,49,0
100,50,0
100,51,0
100,52,0
100,53,0
100,54,0
100,55,0
100,56,0
100,57,0
100,58,0
100,59,0
100,60,0
100,61,0
100,62,0
100,63,0
100,64,0
100,65,0
100,66,0
100,67,0
100,68,0
100,69,0
100,70,0
100,71,0
100,72,0
100,73,0
100,74,0
100,75,0
100,76,0
100,77,0
100,78,0
100,79,0
100,80,0
100,81,0
100,82,0
100,83,0
100,84,0
100,85,0
100,86,0
100,87,0
100,88,0
100,89,0
100,90,0
100,91,0
100,92,0
100,93,0
100,94,0
100,95,0
100,96,0
100,97,0
100,98,0
100,99,0
100,100,0
100,101,0
100,102,0
100,103,0
100,104,0
100,105,0
100,106,0
100,107,0
100,108,0
100,109,0
100,110,0
100,111,0
101,0,1
101,1,0
101,2,0
101,3,0
101,4,0
101,5,0
101,6,0
101,7,0
101,8,0
101,9,0
101,10,0
101,11,0
101,12,3
101,13,3
101,14,0
101,15,0
101,16,0
101,17,0
101,18,0
101,19,0
101,20,0
101,21,0
101,22,0
101,23,0
101,24,0
101,25,0
101,26,0
101,27,0
101,28,0
101,29,0
101,30,0
101,31,0
101,32,0
101,33,0
101,34,0
101,35,0
101,36,0
101,37,0
101,38,0
101,39,0
101,40,0
101,41,0
101,42,0
101,43,0
101,44,0
101,45,0
101,46,0
101,47,0
101,48,0
101,49,-1
101,50,0
101,51,0
101,52,0
101,53,0
101,54,0
101,55,0
101,56,0
101,57,0
101,58,0
101,59,0
101,60,0
101,61,0
101,62,0
101,63,0
101,64,0
101,65,0
101,66,0
101,67,0
101,68,0
101,69,0
101,70,0
101,71,0
101,72,0
101,73,0
101,74,0
101,75,0
101,76,0
101,77,0
101,78,0
101,79,0
101,80,0
101,81,0
101,82,0
101,83,0
101,84,0
101,85,0
101,86,0
101,87,0
101,88,0
101,89,0
101,90,0
101,91,0
101,92,0
101,93,0
101,94,0
101,95,0
101,96,0
101,97,0
101,98,0
101,99,0
101,100,0
101,101,0
101,102,0
101,103,0
101,104,0
101,105,0
101,106,0
101,107,0
101,108,0
101,109,0
101,110,0
101,111,0
102,0,0
102,1,0
102,2,0
102,3,0
102,4,0
102,5,0
102,6,0
102,7,0
102,8,0
102,9,0
102,10,0
102,11,0
102,12,0
102,13,0
102,14,0
102,15,0
102,16,0
102,17,0
102,18,0
102,19,0
102,20,0
102,21,0
102,22,0
102,23,0
102,24,0
102,25,0
102,26,0
102,27,5
102,28,0
102,29,0
102,30,0
102,31,0
102,32,0
102,33,0
102,34,0
102,35,0
102,36,0
102,37,0
102,38,0
102,39,0
102,40,0
102,41,0
102,42,0
102,43,0
102,44,0
102,45,0
102,46,0
102,47,0
102,48,0
102,49,0
102,50,0
102,51,0
102,52,0
102,53,0
102,54,0
102,55,1
102,56,0
102,57,0
102,58,0
102,59,0
102,60,0
102,61,0
102,62,0
102,63,0
102,64,0
102,65,0
102,66,0
102,67,0
102,68,0
102,69,0
102,70,0
102,71,0
102,72,0
102,73,0
102,74,0
102,75,0
102,76,0
102,77,0
102,78,0
102,79,0
102,80,0
102,81,0
102,82,0
102,83,0
102,84,0
102,85,0
102,86,0
102,87,0
102,88,0
102,89,0
102,90,0
102,91,0
102,92,0
102,93,0
102,94,0
102,95,0
102,96,0
102,97,0
102,98,0
102,99,0
102,100,0
102,101,0
102,102,0
102,103,0
102,104,0
102,105,0
102,106,0
102,107,0
102,108,0
102,109,0
102,110,0
102,111,0
103,0,-1
103,1,0
103,2,0
103,3,0
103,4,0
103,5,0
103,6,0
103,7,0
103,8,0
103,9,0
103,10,0
103,11,0
103,12,0
103,13,0
103,14,0
103,15,0
103,16,0
103,17,0
103,18,0
103,19,0
103,20,0
103,21,0
103,22,0
103,23,0
103,24,0
103,25,0
103,26,0
103,27,0
103,28,0
103,29,0
103,30,0
103,31,0
103,32,0
103,33,0
103,34,0
103,35,0
103,36,0
103,37,0
103,38,0
103,39,0
103,40,0
103,41,0
103,42,0
103,43,0
103,44,0
103,45,0
103,46,5
103,47,5
103,48,5
103,49,0
103,50,0
103,51,0
103,52,0
103,53,0
103,54,0
103,55,0
103,56,0
103,57,0
103,58,0
103,59,0
103,60,0
103,61,0
103,62,0
103,63,0
103,64,0
103,65,0
103,66,0
103,67,0
103,68,0
103,69,0
103,70,0
103,71,0
103,72,0
103,73,0
103,74,0
103,75,0
103,76,0
103,77,0
103,78,0
103,79,0
103,80,0
103,81,0
103,82,0
103,83,0
103,84,0
103,85,0
103,86,0
103,87,0
103,88,0
103,89,0
103,90,0
103,91,0
103,92,0
103,93,0
103,94,0
103,95,0
103,96,0
103,97,0
103,98,0
103,99,0
103,100,0
103,101,0
103,102,0
103,103,0
103,104,0
103,105,0
103,106,0
103,107,0
103,108,0
103,109,0
103,110,0
103,111,0
104,0,1
104,1,0
104,2,0
104,3,0
104,4,0
104,5,0
104,6,0
104,7,0
104,8,0
104,9,0
104,10,0
104,11,0
104,12,0
104,13,0
104,14,0
104,15,0
104,16,0
104,17,0
104,18,0
104,19,0
104,20,0
104,21,0
104,22,0
104,23,0
104,24,0
104,25,0
104,26,0
104,27,0
104,28,0
104,29,0
104,30,0
104,31,0
104,32,0
104,33,0
104,34,0
104,35,0
104,36,0
104,37,0
104,38,0
104,39,0
104,40,0
104,41,0
104,42,0
104,43,0
104,44,0
104,45,0
104,46,0
104,47,0
104,48,0
104,49,0
104,50,0
104,51,0
104,52,0
104,53,0
104,54,0
104,55,0
104,56,0
104,57,0
104,58,0
104,59,0
104,60,0
104,61,0
104,62,0
104,63,0
104,64,0
104,65,0
104,66,0
104,67,0
104,68,0
104,69,5
104,70,0
104,71,0
104,72,0
104,73,0
104,74,0
104,75,0
104,76,0
104,77,0
104,78,0
104,79,0
104,80,0
104,81,0
104,82,0
104,83,0
104,84,0
104,85,0
104,86,0
104,87,0
104,88,0
104,89,0
104,90,0
104,91,0
104,92,0
104,93,0
104,94,0
104,95,0
104,96,0
104,97,0
104,98,0
104,99,0
104,100,0
104,101,0
104,102,0
104,103,0
104,104,0
104,105,0
104,106,0
104,107,0
104,108,0
104,109,0
104,110,0
104,111,0
105,0,-1
105,1,0
105,2,-1
105,3,-2
105,4,-2
105,5,-1
105,6,0
105,7,0
105,8,0
105,9,0
105,10,0
105,11,0
105,12,0
105,13,2
105,14,0
105,15,0
105,16,0
105,17,0
105,18,0
105,19,1
105,20,0
105,21,1
105,22,0
105,23,0
105,24,0
105,25,0
105,26,0
105,27,0
105,28,0
105,29,0
105,30,0
105,31,0
105,32,0
105,33,0
105,34,0
105,35,0
105,36,0
105,37,0
105,38,0
105,39,0
105,40,0
105,41,2
105,42,0
105,43,0
105,44,0
105,45,0
105,46,0
105,47,0
105,48,0
105,49,0
105,50,0
105,51,0
105,52,0
105,53,0
105,54,0
105,55,0
105,56,0
105,57,0
105,58,0
105,59,0
105,60,0
105,61,0
105,62,0
105,63,0
105,64,0
105,65,0
105,66,0
105,67,0
105,68,0
105,69,0
105,70,0
105,71,0
105,72,0
105,73,0
105,74,0
105,75,0
105,76,0
105,77,0
105,78,0
105,79,0
105,80,0
105,81,0
105,82,0
105,83,0
105,84,0
105,85,0
105,86,0
105,87,0
105,88,0
105,89,0
105,90,0
105,91,0
105,92,0
105,93,0
105,94,0
105,95,0
105,96,0
105,97,0
105,98,0
105,99,0
105,100,0
105,101,0
105,102,0
105,103,0
105,104,0
105,105,0
105,106,0
105,107,0
105,108,0
105,109,0
105,110,0
105,111,0
106,0,1
106,1,1
106,2,1
106,3,0
106,4,0
106,5,0
106,6,0
106,7,0
106,8,0
106,9,0
106,10,0
106,11,0
106,12,0
106,13,2
106,14,0
106,15,0
106,16,0
106,17,0
106,18,0
106,19,0
106,20,0
106,21,2
106,22,0
106,23,0
106,24,0
106,25,0
106,26,0
106,27,0
106,28,0
106,29,0
106,30,0
106,31,0
106,32,0
106,33,0
106,34,0
106,35,0
106,36,0
106,37,0
106,38,0
106,39,0
106,40,0
106,41,0
106,42,0
106,43,0
106,44,0
106,45,0
106,46,0
106,47,0
106,48,0
106,49,0
106,50,0
106,51,0
106,52,0
106,53,0
106,54,0
106,55,0
106,56,0
106,57,0
106,58,0
106,59,0
106,60,0
106,61,0
106,62,0
106,63,0
106,64,0
106,65,0
106,66,0
106,67,0
106,68,0
106,69,0
106,70,0
106,71,0
106,72,0
106,73,-1
106,74,1
106,75,1
106,76,0
106,77,0
106,78,0
106,79,0
106,80,0
106,81,0
106,82,0
106,83,0
106,84,0
106,85,0
106,86,0
106,87,0
106,88,0
106,89,0
106,90,0
106,91,0
106,92,0
106,93,0
106,94,0
106,95,0
106,96,0
106,97,0
106,98,0
106,99,0
106,100,0
106,101,0
106,102,0
106,103,0
106,104,0
106,105,0
106,106,0
106,107,1
106,108,0
106,109,0
106,110,0
106,111,0
107,0,2
107,1,0
107,2,1
107,3,0
107,4,0
107,5,0
107,6,0
107,7,0
107,8,0
107,9,0
107,10,0
107,11,0
107,12,0
107,13,2
107,14,0
107,15,0
107,16,0
107,17,0
107,18,0
107,19,0
107,20,0
107,21,2
107,22,0
107,23,0
107,24,0
107,25,0
107,26,0
107,27,0
107,28,0
107,29,0
107,30,0
107,31,0
107,32,0
107,33,0
107,34,0
107,35,0
107,36,0
107,37,0
107,38,0
107,39,0
107,40,0
107,41,0
107,42,0
107,43,0
107,44,0
107,45,0
107,46,0
107,47,0
107,48,0
107,49,0
107,50,0
107,51,0
107,52,0
107,53,0
107,54,0
107,55,0
107,56,0
107,57,0
107,58,0
107,59,0
107,60,0
107,61,0
107,62,0
107,63,0
107,64,0
107,65,0
107,66,0
107,67,0
107,68,0
107,69,0
107,70,0
107,71,0
107,72,0
107,73,-1
107,74,1
107,75,1
107,76,0
107,77,0
107,78,0
107,79,0
107,80,0
107,81,0
107,82,0
107,83,0
107,84,0
107,85,0
107,86,0
107,87,0
107,88,0
107,89,0
107,90,0
107,91,0
107,92,0
107,93,0
107,94,0
107,95,0
107,96,0
107,97,0
107,98,0
107,99,0
107,100,0
107,101,0
107,102,0
107,103,0
107,104,0
107,105,0
107,106,1
107,107,0
107,108,0
107,109,0
107,110,0
107,111,0
108,0,-2
108,1,-2
108,2,-2
108,3,0
108,4,0
108,5,0
108,6,0
108,7,-3
108,8,0
108,9,-2
108,10,0
108,11,0
108,12,0
108,13,-2
108,14,0
108,15,0
108,16,0
108,17,0
108,18,0
108,19,0
108,20,-3
108,21,0
108,22,0
108,23,0
108,24,0
108,25,0
108,26,0
108,27,0
108,28,0
108,29,2
108,30,2
108,31,0
108,32,0
108,33,0
108,34,0
108,35,3
108,36,0
108,37,0
108,38,0
108,39,0
108,40,0
108,41,0
108,42,0
108,43,0
108,44,0
108,45,0
108,46,0
108,47,0
108,48,0
108,49,0
108,50,0
108,51,0
108,52,0
108,53,0
108,54,0
108,55,0
108,56,0
108,57,0
108,58,0
108,59,0
108,60,0
108,61,0
108,62,0
108,63,0
108,64,0
108,65,0
108,66,0
108,67,0
108,68,0
108,69,0
108,70,0
108,71,0
108,72,0
108,73,0
108,74,0
108,75,0
108,76,0
108,77,0
108,78,0
108,79,0
108,80,0
108,81,0
108,82,0
108,83,0
108,84,0
108,85,0
108,86,0
108,87,0
108,88,0
108,89,0
108,90,0
108,91,0
108,92,0
108,93,0
108,94,0
108,95,0
108,96,0
108,97,0
108,98,0
108,99,0
108,100,0
108,101,0
108,102,0
108,103,0
108,104,0
108,105,0
108,106,0
108,107,0
108,108,0
108,109,0
108,110,0
108,111,0
109,0,0
109,1,0
109,2,0
109,3,0
109,4,0
109,5,0
109,6,0
109,7,0
109,8,0
109,9,0
109,10,0
109,11,0
109,12,0
109,13,-5
109,14,0
109,15,0
109,16,0
109,17,0
109,18,0
109,19,0
109,20,0
109,21,0
109,22,0
109,23,0
109,24,0
109,25,0
109,26,0
109,27,0
109,28,0
109,29,0
109,30,0
109,31,0
109,32,0
109,33,0
109,34,0
109,35,0
109,36,0
109,37,0
109,38,0
109,39,0
109,40,0
109,41,0
109,42,0
109,43,0
109,44,0
109,45,0
109,46,0
109,47,0
109,48,0
109,49,0
109,50,0
109,51,0
109,52,0
109,53,0
109,54,0
109,55,0
109,56,0
109,57,0
109,58,0
109,59,0
109,60,0
109,61,0
109,62,0
109,63,0
109,64,0
109,65,0
109,66,0
109,67,0
109,68,0
109,69,0
109,70,0
109,71,0
109,72,0
109,73,0
109,74,0
109,75,0
109,76,0
109,77,0
109,78,0
109,79,0
109,80,0
109,81,0
109,82,0
109,83,0
109,84,0
109,85,0
109,86,0
109,87,0
109,88,0
109,89,0
109,90,0
109,91,0
109,92,0
109,93,0
109,94,0
109,95,0
109,96,0
109,97,0
109,98,0
109,99,0
109,100,0
109,101,0
109,102,0
109,103,0
109,104,0
109,105,0
109,106,0
109,107,0
109,108,0
109,109,0
109,110,0
109,111,0
110,0,4
110,1,4
110,2,4
110,3,2
110,4,2
110,5,0
110,6,0
110,7,2
110,8,0
110,9,0
110,10,0
110,11,0
110,12,1
110,13,3
110,14,0
110,15,0
110,16,0
110,17,0
110,18,0
110,19,0
110,20,0
110,21,0
110,22,2
110,23,0
110,24,0
110,25,0
110,26,0
110,27,0
110,28,0
110,29,-3
110,30,-3
110,31,-2
110,32,0
110,33,0
110,34,0
110,35,0
110,36,0
110,37,0
110,38,0
110,39,0
110,40,0
110,41,0
110,42,0
110,43,0
110,44,0
110,45,0
110,46,0
110,47,0
110,48,0
110,49,0
110,50,0
110,51,0
110,52,0
110,53,0
110,54,0
110,55,0
110,56,0
110,57,0
110,58,0
110,59,0
110,60,0
110,61,0
110,62,0
110,63,0
110,64,0
110,65,0
110,66,0
110,67,0
110,68,0
110,69,0
110,70,0
110,71,0
110,72,2
110,73,0
110,74,0
110,75,0
110,76,0
110,77,0
110,78,0
110,79,0
110,80,0
110,81,0
110,82,0
110,83,0
110,84,0
110,85,0
110,86,0
110,87,0
110,88,0
110,89,0
110,90,0
110,91,0
110,92,0
110,93,0
110,94,0
110,95,0
110,96,0
110,97,0
110,98,0
110,99,0
110,100,0
110,101,0
110,102,0
110,103,0
110,104,0
110,105,0
110,106,0
110,107,0
110,108,0
110,109,0
110,110,0
110,111,-1
111,0,-1
111,1,1
111,2,-1
111,3,0
111,4,0
111,5,0
111,6,0
111,7,0
111,8,0
111,9,0
111,10,0
111,11,-1
111,12,0
111,13,0
111,14,0
111,15,0
111,16,0
111,17,0
111,18,0
111,19,0
111,20,0
111,21,0
111,22,-1
111,23,0
111,24,0
111,25,0
111,26,0
111,27,0
111,28,0
111,29,1
111,30,0
111,31,0
111,32,0
111,33,0
111,34,0
111,35,-2
111,36,0
111,37,0
111,38,0
111,39,0
111,40,0
111,41,0
111,42,0
111,43,0
111,44,0
111,45,0
111,46,0
111,47,0
111,48,0
111,49,0
111,50,0
111,51,0
111,52,0
111,53,0
111,54,0
111,55,0
111,56,4
111,57,0
111,58,0
111,59,0
111,60,0
111,61,0
111,62,0
111,63,0
111,64,0
111,65,0
111,66,0
111,67,0
111,68,0
111,69,0
111,70,0
111,71,0
111,72,0
111,73,0
111,74,0
111,75,0
111,76,0
111,77,0
111,78,0
111,79,0
111,80,0
111,81,0
111,82,0
111,83,0
111,84,0
111,85,0
111,86,0
111,87,0
111,88,0
111,89,0
111,90,0
111,91,0
111,92,0
111,93,0
111,94,0
111,95,0
111,96,0
111,97,0
111,98,0
111,99,0
111,100,0
111,101,0
111,102,0
111,103,0
111,104,0
111,105,0
111,106,0
111,107,0
111,108,0
111,109,0
111,110,-1
111,111,0
